Top pages,Clicks,Impressions,CTR,Position
https://www.mariwork.ir/,6272,41538,15.1%,5.4
https://www.mariwork.ir/shop/,5728,75811,7.56%,5.59
https://www.mariwork.ir/articles/the-difference-between-acrylic-colors-and-fabric-colors/,2750,94152,2.92%,6.81
https://www.mariwork.ir/education/how-to-fix-colors/,1880,29934,6.28%,5.59
https://www.mariwork.ir/shop/set-12-colors-mariwork-fabric-color/,1851,172026,1.08%,4.28
https://www.mariwork.ir/education/how-to-print-on-fabric-with-lino-stamp/,1798,59158,3.04%,6.17
https://www.mariwork.ir/shop/white-mariwork-fabric-color-code121-60ml/,1472,30861,4.77%,6.18
https://www.mariwork.ir/education/combining-monotype-and-monoprint-printing-1/,1346,40231,3.35%,4.2
https://www.mariwork.ir/education/working-with-the-wreath-and-its-glue/,1195,37844,3.16%,6.3
https://www.mariwork.ir/shop/fixative-medium-204_60ml/,1109,15644,7.09%,4.22
https://www.mariwork.ir/storesaddress/,995,20323,4.9%,7.42
https://www.mariwork.ir/education/painting-method-on-fabric-or-leather-shoes/,987,48659,2.03%,5.47
https://www.mariwork.ir/shop/sky-blue-mariwork-fabric-color-code131-60ml/,937,126416,0.74%,6.45
https://www.mariwork.ir/education/stencil-printing-method/,884,37845,2.34%,5.75
https://www.mariwork.ir/shop/contouring-pot-mariwork-fabric-code-311-30ml/,855,6705,12.75%,5.69
https://www.mariwork.ir/shop/pink_fluorescent_103_60ml/,790,328501,0.24%,2.26
https://www.mariwork.ir/shop/texture-medium/,779,13925,5.59%,4.55
https://www.mariwork.ir/articles/suitable-fabrics-for-painting-and-printing-on-fabric/,741,9933,7.46%,5.77
https://www.mariwork.ir/shop/darkbrown-mariwork-fabric-color-code113-60ml/,714,56569,1.26%,6.41
https://www.mariwork.ir/education/bandana-and-shiburi-technique/,641,13587,4.72%,4.68
https://www.mariwork.ir/shop/red-mariwork-fabric-color-code116-60ml/,598,20786,2.88%,5.62
https://www.mariwork.ir/shop/heatpen_301/,563,39830,1.41%,5.66
https://www.mariwork.ir/education/batik-painting/,534,13691,3.9%,6.43
https://www.mariwork.ir/shop/black-mariwork-fabric-color-code117-250ml/,526,28988,1.81%,2.76
https://www.mariwork.ir/education/macrome-yarn-dyeing-method/,509,8816,5.77%,4.56
https://www.mariwork.ir/shop/gray_122_60ml/,503,56111,0.9%,7.52
https://www.mariwork.ir/shop/basecoat-208_60ml/,493,5069,9.73%,4.51
https://www.mariwork.ir/shop/olivegreen-mariwork-fabric-color-code110-250ml/,472,42625,1.11%,6.02
https://www.mariwork.ir/shop/mocha-mousse-mariwork-fabric-color-code138-60ml/,468,121098,0.39%,6.31
https://www.mariwork.ir/education/printing-method-with-wooden-stamp-on-fabric/,454,12491,3.63%,7.17
https://www.mariwork.ir/shop/black-mariwork-fabric-color-code117-60ml/,418,6629,6.31%,4.62
https://www.mariwork.ir/artists/interview-with-dotan-studio/,407,3166,12.86%,2.86
https://www.mariwork.ir/product/fabric-colors-60-ml/,404,38155,1.06%,4.87
https://www.mariwork.ir/articles/introducing-printing-and-painting-tools-on-fabric/,394,6971,5.65%,7.22
https://www.mariwork.ir/shop/saddlebrown-mariwork-fabric-color-code109-60ml/,393,72565,0.54%,5.43
https://www.mariwork.ir/education/how-to-recognize-types-of-fabrics/,392,7784,5.04%,6.56
https://www.mariwork.ir/shop/six-color-set-60ml/,376,50257,0.75%,4.37
https://www.mariwork.ir/education/monoprint-printing-leaf-printing-on-fabric/,366,20067,1.82%,4.39
https://www.mariwork.ir/faq/,352,18582,1.89%,5.62
https://www.mariwork.ir/education/felt-painting/,351,10871,3.23%,3.61
https://www.mariwork.ir/shop/5color30mlset/,347,9075,3.82%,5.03
https://www.mariwork.ir/shop/coronafixative-203_60ml/,311,9582,3.25%,4.32
https://www.mariwork.ir/product/fabric-printing-medium/,300,8319,3.61%,4.74
https://www.mariwork.ir/shop/orange-mariwork-fabric-color-code112-60ml/,265,45103,0.59%,6.91
https://www.mariwork.ir/history/history-of-painting-on-fabric/,263,3633,7.24%,7.64
https://www.mariwork.ir/product/fabric-color-set/,260,34240,0.76%,5.14
https://www.mariwork.ir/articles/types-of-colors/,258,13564,1.9%,6.52
https://www.mariwork.ir/education/combining-mariwork-colors-with-puffy-medium/,241,9147,2.63%,4.21
https://www.mariwork.ir/shop/light-salmon-mariwork-fabric-color-code135-60ml/,236,136318,0.17%,5.86
https://www.mariwork.ir/education/what-fabrics-need-a-base-coat/,231,3408,6.78%,5.45
https://www.mariwork.ir/education/how-to-wash-works-with-fabric-dye/,225,3082,7.3%,6.28
https://www.mariwork.ir/shop/teal-mariwork-fabric-color-code139-60ml/,224,77643,0.29%,7.26
https://www.mariwork.ir/shop/ochre-mariwork-fabric-color-code108-60ml/,223,45394,0.49%,2.13
https://www.mariwork.ir/shop/silver-mariwork-fabric-color-code136-60ml/,220,39992,0.55%,6.88
https://www.mariwork.ir/shop/totakali-sheet-mariwork-code304/,219,5678,3.86%,5.86
https://www.mariwork.ir/education/combining-painting-and-embroidery-on-fabric/,216,10852,1.99%,6.4
https://www.mariwork.ir/education/stencil-printing-method-with-wreath/,210,7959,2.64%,6.53
https://www.mariwork.ir/shop/golden-color-shine-mariwork-fabric-medium-code206-60ml/,209,11072,1.89%,5.49
https://www.mariwork.ir/shop/lightgold-mariwork-fabric-color-code111-60ml/,208,13603,1.53%,4.17
https://www.mariwork.ir/articles/mariwork-combinability-colors-cycle/,190,24745,0.77%,5.88
https://www.mariwork.ir/product/fabric-colors-250-ml/,185,23210,0.8%,6.75
https://www.mariwork.ir/education/salt-technique-on-fabric/,183,4543,4.03%,4.9
https://www.mariwork.ir/articles/stencil-printing-history/,182,3133,5.81%,6.9
https://www.mariwork.ir/shop/lilac-mariwork-fabric-color-code128-60ml/,181,167540,0.11%,8.07
https://www.mariwork.ir/shop/magenta-mariwork-fabric-color-code120_250ml/,181,79126,0.23%,5.96
https://www.mariwork.ir/shop/blue-mariwork-fabric-color-code118-60ml/,177,15941,1.11%,4.84
https://www.mariwork.ir/education/durability-of-mariwork-fabric-colors-and-how-to-maintain-them/,175,3373,5.19%,6.93
https://www.mariwork.ir/shop/green-mariwork-fabric-color-code106-60ml/,171,15868,1.08%,5.53
https://www.mariwork.ir/shop/olivegreen-mariwork-fabric-color-code110-60ml/,169,38828,0.44%,6.3
https://www.mariwork.ir/shop/totakali-glue-mariwork-fabric-medium-code205-60ml/,168,4246,3.96%,5.28
https://www.mariwork.ir/shop/12color30mlset/,166,13917,1.19%,6.35
https://www.mariwork.ir/shop/lightening-medium-mariwork-fabric-medium-code213-60ml/,162,5216,3.11%,5.35
https://www.mariwork.ir/articles/pattern-on-fabric/,151,9541,1.58%,6.27
https://www.mariwork.ir/shop/fleshtint-123_60ml/,146,10038,1.45%,5.45
https://www.mariwork.ir/category/education/,132,16731,0.79%,4.43
https://www.mariwork.ir/shop/turquoseblue-mariwork-fabric-color-code114-60ml/,128,40138,0.32%,7.24
https://www.mariwork.ir/shop/glitter-set-mariwork-fabric-medium-60ml/,127,4541,2.8%,3.44
https://www.mariwork.ir/education/painting-on-a-tshirt/,124,21672,0.57%,5.81
https://www.mariwork.ir/shop/light-pink-mariwork-fabric-color-code126-60ml/,115,18937,0.61%,5.2
https://www.mariwork.ir/shop/a30-color-and-additives-60ml-set/,114,12877,0.89%,5.16
https://www.mariwork.ir/shop/thickening-mariwork-fabric-medium-code214-60ml/,114,4458,2.56%,5.3
https://www.mariwork.ir/shop/24color-60ml-set/,110,12848,0.86%,2.85
https://www.mariwork.ir/education/combining-monotype-and-monoprint-printing-2/,108,4325,2.5%,5.73
https://www.mariwork.ir/shop/redbrown-mariwork-fabric-color-code105-60ml/,106,47983,0.22%,6.41
https://www.mariwork.ir/education/painting-on-a-dry-background/,104,17725,0.59%,2.11
https://www.mariwork.ir/articles/history-of-painting-on-fabric/,104,3745,2.78%,7.15
https://www.mariwork.ir/shop/eight-color-60ml-set/,93,30821,0.3%,8.44
https://www.mariwork.ir/shop/glossy-varnish-mariwork-fabric-medium-code215-60ml/,93,1852,5.02%,4.66
https://www.mariwork.ir/education/light-shadow-painting/,92,7597,1.21%,5.69
https://www.mariwork.ir/shop/tampon/,92,6156,1.49%,9.57
https://www.mariwork.ir/shop/papaya-mariwork-fabric-color-code127-60ml/,91,9984,0.91%,3.44
https://www.mariwork.ir/education/staining-restoration-of-clothing-color/,90,2308,3.9%,8.37
https://www.mariwork.ir/why-mariwork/,85,9952,0.85%,4.67
https://www.mariwork.ir/fast_buy/,85,5586,1.52%,5.39
https://www.mariwork.ir/shop/pearl-mariwork-fabric-color-code137-60ml/,82,18521,0.44%,4.84
https://www.mariwork.ir/education/painting-on-jeans/,82,9148,0.9%,5.63
https://www.mariwork.ir/shop/violet-mariwork-fabric-color-code107-60ml/,81,9983,0.81%,5.89
https://www.mariwork.ir/education/simultaneous-painting-on-silk-and-linen/,81,3123,2.59%,5.29
https://www.mariwork.ir/shop/semi-matte-varnish-mariwork-fabric-medium-code216-60ml/,77,1016,7.58%,5.14
https://www.mariwork.ir/education/painting-with-base-coat-on-dark-fabric/,74,3507,2.11%,6.73
https://www.mariwork.ir/shop/yellow-mariwork-fabric-color-code104-60ml/,71,6810,1.04%,7.1
https://www.mariwork.ir/education/print-on-towels/,70,2357,2.97%,6.71
https://www.mariwork.ir/articles/fabric-preparation/,67,1363,4.92%,8.37
https://www.mariwork.ir/shop/ست-5-رنگ-فلورسنت-ماری-ورک/,65,7410,0.88%,5.62
https://www.mariwork.ir/articles/characteristics-of-good-fabric-color-and-its-difference-with-bad-fabric-color/,65,1890,3.44%,7.95
https://www.mariwork.ir/category/artists/,64,2473,2.59%,6.46
https://www.mariwork.ir/education/how-to-print-a-stencil-on-a-cloth-bag-1/,63,3406,1.85%,6.4
https://www.mariwork.ir/shop/six-color-set-250ml/,60,17967,0.33%,1.95
https://www.mariwork.ir/shop/lemon-mariwork-fabric-color-code134-60ml/,59,8981,0.66%,6.68
https://www.mariwork.ir/shop/silvercorona-202_60m/,59,3918,1.51%,6.94
https://www.mariwork.ir/shop/red-scarlet-mariwork-fabric-color-code124-60ml/,56,10884,0.51%,3.19
https://www.mariwork.ir/shop/mariwork-yellow-fabric-paint-104/,55,3496,1.57%,5.03
https://www.mariwork.ir/academy/mariwork-one-minute-guides/lessons/how-to-fix-colors/,55,729,7.54%,5.58
https://www.mariwork.ir/shop/silver-glitter-mariwork-fabric-medium-code211-60ml/,53,1369,3.87%,4.95
https://www.mariwork.ir/shop/silver-color-shine-mariwork-fabric-medium-code207-60ml/,52,4324,1.2%,4.33
https://www.mariwork.ir/shop/lavender-mariwork-fabric-color-code130-60ml/,51,9685,0.53%,5.24
https://www.mariwork.ir/shop/copper-119_60ml/,49,8568,0.57%,3.66
https://www.mariwork.ir/shop/rainbow-glitter-mariwork-fabric-color-code210-60ml/,46,3254,1.41%,5.81
https://www.mariwork.ir/shop/cyan-mariwork-fabric-color-code132-60ml/,44,10635,0.41%,4.17
https://www.mariwork.ir/education/use-medium-base-coat-on-silk/,44,814,5.41%,6.31
https://www.mariwork.ir/shop/orange_fluorescent_101_60ml/,43,19117,0.22%,2.52
https://www.mariwork.ir/artists/مریم-شایسته/,43,2932,1.47%,6.71
https://www.mariwork.ir/education/test-the-stability-of-mariwork-colors-with-bleach/,43,1174,3.66%,6.84
https://www.mariwork.ir/about-mariwork/,42,7003,0.6%,3.76
https://www.mariwork.ir/artists/sarah-babaei/,42,2485,1.69%,6.07
https://www.mariwork.ir/articles/tips-on-pigment-fabric-color/,41,1951,2.1%,11.49
https://www.mariwork.ir/artists/interview-with-pooneh-barirani/,36,359,10.03%,5.54
https://www.mariwork.ir/shop/?product-page=2,35,2235,1.57%,3.61
https://www.mariwork.ir/shop/turquoseblue-mariwork-fabric-color-code114-250ml/,33,8354,0.4%,7.57
https://www.mariwork.ir/shop/whole-mediumes-60ml-set/,33,1253,2.63%,4.96
https://www.mariwork.ir/articles/the-difference-between-artistic-fabric-colors-and-industrial-fabric-colors/,33,1034,3.19%,9.67
https://www.mariwork.ir/shop/40color-60ml-set/,32,1649,1.94%,4.19
https://www.mariwork.ir/shop/white-mariwork-fabric-color-code121/,32,264,12.12%,4.44
https://www.mariwork.ir/artists/منا-کاویان/,31,698,4.44%,6.04
https://www.mariwork.ir/education/simple-printing-printing-with-sponge-stamp/,29,1087,2.67%,5.56
https://www.mariwork.ir/shop/red-mariwork-fabric-color-code116-250ml/,28,5294,0.53%,5.28
https://www.mariwork.ir/product/accessories/,28,2368,1.18%,2.86
https://www.mariwork.ir/shop/white-mariwork-fabric-color-code121-250ml/,27,4569,0.59%,3.71
https://www.mariwork.ir/education/combining-monotype-and-monoprint-printing-3/,27,1586,1.7%,6.68
https://www.mariwork.ir/academy/mariwork-one-minute-guides/lessons/painting-method-on-fabric-or-leather-shoes/,27,830,3.25%,5.38
https://www.mariwork.ir/artists/هدا-بیک-زاد/,26,860,3.02%,7.27
https://www.mariwork.ir/shop/sky-blue-mariwork-fabric-color-code131/,24,2583,0.93%,5.8
https://www.mariwork.ir/shop/goldencorona-201_60ml/,24,1440,1.67%,9.45
https://www.mariwork.ir/shop/darkgold-115_60ml/,24,1284,1.87%,5.09
https://www.mariwork.ir/education/combining-mariwork-fabric-colors-with-other-brands/,24,400,6%,5.92
https://www.mariwork.ir/shop/green-mariwork-fabric-color-code106-250ml/,23,3452,0.67%,6
https://www.mariwork.ir/mag/articles/the-difference-between-acrylic-colors-and-fabric-colors/,23,837,2.75%,6.03
https://www.mariwork.ir/shop/mariwork-fabric-fixative-medium-code204/,23,191,12.04%,3.77
https://www.mariwork.ir/category/articles/,22,754,2.92%,20.64
https://www.mariwork.ir/shop/black-mariwork-fabric-color-code117/,22,298,7.38%,4.51
https://www.mariwork.ir/shop/silver-rainbow-glitter-mariwork-fabric-medium-code217-60ml/,21,761,2.76%,4.53
https://www.mariwork.ir/shop/green-grass-mariwork-fabric-color-code133-60ml/,20,9342,0.21%,5.54
https://www.mariwork.ir/shop/green_fluorescent_102_60ml/,20,2938,0.68%,4.32
https://www.mariwork.ir/education/silk-screen-print/,20,2486,0.8%,47.18
https://www.mariwork.ir/wp-content/uploads/2023/01/Mariwork_catalog_for_mobile-03.pdf,20,308,6.49%,4.64
https://www.mariwork.ir/shop/mariwork-fabric-base-coat-code208/,20,92,21.74%,3.09
https://www.mariwork.ir/shop/magenta-mariwork-fabric-color-code120_60ml/,19,2201,0.86%,6.62
https://www.mariwork.ir/artists/interview-with-artist-maryam-taheri/,19,787,2.41%,7.07
https://www.mariwork.ir/academy/mariwork-one-minute-guides/lessons/working-with-the-wreath-and-its-glue/,17,701,2.43%,5.83
https://www.mariwork.ir/shop/contouring-pot-mariwork-fabric-code-311/,17,116,14.66%,9.47
https://www.mariwork.ir/shop/gray_122/,16,1581,1.01%,6.86
https://www.mariwork.ir/artists/interview-with-maryam-sadeghi/,14,1093,1.28%,7.08
https://www.mariwork.ir/shop/blue-mariwork-fabric-color-code118-250ml/,13,1614,0.81%,6.04
https://www.mariwork.ir/shop/permanet-rose-mariwork-fabric-color-code125-60ml/,13,1425,0.91%,4.56
https://www.mariwork.ir/contact-us/,13,435,2.99%,6.33
https://www.mariwork.ir/shop/ochre-mariwork-fabric-color-code108-250ml/,12,2289,0.52%,5.76
https://www.mariwork.ir/shop/golden-glitter-mariwork-fabric-medium-code212-60ml/,12,700,1.71%,4.37
https://www.mariwork.ir/academy/mariwork-one-minute-guides/lessons/how-to-print-on-fabric-with-lino-stamp/,12,519,2.31%,6.65
https://www.mariwork.ir/artists/interview-with-farzaneh-radmehr/,12,390,3.08%,7.15
https://www.mariwork.ir/artists/saloumeh-pezeshkpour/,12,260,4.62%,5.16
https://www.mariwork.ir/shop/yellow_fluorescent_100_60ml/,11,2135,0.52%,5.43
https://www.mariwork.ir/academy/mariwork-one-minute-guides/lessons/combining-mariwork-colors-with-puffy-medium/,11,176,6.25%,4.56
https://www.mariwork.ir/store-cooperation-form/,11,105,10.48%,7.3
https://www.mariwork.ir/category/education/page/2/,10,907,1.1%,7.86
https://www.mariwork.ir/artists/interview-with-mehri-bakhshi/,9,434,2.07%,6.73
https://www.mariwork.ir/mag/articles/suitable-fabrics-for-painting-and-printing-on-fabric/,9,175,5.14%,5.06
https://www.mariwork.ir/product/fabric-colors/,8,306,2.61%,2.85
https://www.mariwork.ir/shop/red-mariwork-fabric-color-code116/,8,139,5.76%,4.88
https://www.mariwork.ir/academy/mariwork-one-minute-guides/lessons/macrome-yarn-dyeing-method/,8,107,7.48%,4.07
https://www.mariwork.ir/shop/violet-mariwork-fabric-color-code107-250ml/,7,2205,0.32%,7.9
https://www.mariwork.ir/shop/saddlebrown-mariwork-fabric-color-code109/,7,753,0.93%,4
https://www.mariwork.ir/artists/interview-with-zakiyeh-khabnama/,7,352,1.99%,8.36
https://www.mariwork.ir/mag/articles/introducing-printing-and-painting-tools-on-fabric/,7,251,2.79%,7.71
https://www.mariwork.ir/articles/page/2/,7,183,3.83%,8.86
https://www.mariwork.ir/shop/5colorset/,7,99,7.07%,3.91
https://www.mariwork.ir/shop/yellow-mariwork-fabric-color-code104-250ml/,6,6955,0.09%,4.1
https://www.mariwork.ir/shop/fluorescent-purple-mariwork-fabric-color-code129-60ml/,6,1248,0.48%,3.09
https://www.mariwork.ir/category/artists/page/2/,6,106,5.66%,15.28
https://www.mariwork.ir/shop/mariwork-glossy-varnish-code215/,6,88,6.82%,4.8
https://www.mariwork.ir/shop/mariwork-fabric-glitter-glue-code203/,5,145,3.45%,4.21
https://www.mariwork.ir/shop/mariwork-texture-medium-code209/,5,115,4.35%,3.68
https://www.mariwork.ir/articles/,4,6318,0.06%,7.45
https://www.mariwork.ir/artists/امیر-هدایتی/,4,557,0.72%,7.3
https://www.mariwork.ir/shop/olivegreen-mariwork-fabric-color-code110/,4,552,0.72%,5.11
https://www.mariwork.ir/artists/interview-with-samira-eskandari/,4,305,1.31%,7.48
https://www.mariwork.ir/product/fabric-colors-60-ml/page/2/,4,278,1.44%,6.63
https://www.mariwork.ir/shop/blue-mariwork-fabric-color-code118/,4,240,1.67%,4.12
https://www.mariwork.ir/academy/mariwork-one-minute-guides/lessons/painting-on-a-dry-background/,4,105,3.81%,3.37
https://www.mariwork.ir/shop/mariwork-lightening-medium-code213/,4,68,5.88%,5.53
https://www.mariwork.ir/shop/pink_fluorescent_103/,3,1181,0.25%,1.91
https://www.mariwork.ir/shop/ochre-mariwork-fabric-color-code108/,3,643,0.47%,4.53
https://www.mariwork.ir/artists/interview-with-saeideh-safari/,3,315,0.95%,6.75
https://www.mariwork.ir/shop/orange-mariwork-fabric-color-code112/,3,270,1.11%,5.41
https://www.mariwork.ir/academy/mariwork-one-minute-guides/lessons/painting-on-jeans/,3,214,1.4%,6.42
https://www.mariwork.ir/artists/interview-with-mahshid-ghorbanian/,3,185,1.62%,7.09
https://www.mariwork.ir/category/education/page/4/,3,177,1.69%,10.51
https://www.mariwork.ir/shop/whole-colors-and-mediumes-60ml-set/,3,165,1.82%,4.52
https://www.mariwork.ir/shop/silver-mariwork-fabric-color-code136/,3,150,2%,5.18
https://www.mariwork.ir/shop/page/2/,3,131,2.29%,7.11
https://www.mariwork.ir/shop/orange_fluorescent_101/,3,102,2.94%,4.2
https://www.mariwork.ir/academy/mariwork-one-minute-guides/lessons/felt-painting/,3,82,3.66%,4.88
https://www.mariwork.ir/articles/page/6/,3,67,4.48%,8.78
https://www.mariwork.ir/academy/mariwork-one-minute-guides/lessons/bandana-and-shiburi-technique/,3,43,6.98%,5.74
https://www.mariwork.ir/academy/mariwork-one-minute-guides/lessons/how-to-wash-works-with-fabric-dye/,3,31,9.68%,6.77
https://www.mariwork.ir/shop/mariwork-totakali-glue-code205/,3,22,13.64%,5.09
https://www.mariwork.ir/volume/30ml/,3,11,27.27%,3
https://www.mariwork.ir/shop/redbrown-mariwork-fabric-color-code105/,2,404,0.5%,6.75
https://www.mariwork.ir/academy/mariwork-one-minute-guides/lessons/painting-on-a-tshirt/,2,279,0.72%,5.48
https://www.mariwork.ir/shop/darkbrown-mariwork-fabric-color-code113/,2,223,0.9%,5.52
https://www.mariwork.ir/shop/turquoseblue-mariwork-fabric-color-code114/,2,146,1.37%,5.87
https://www.mariwork.ir/mag/articles/types-of-colors/,2,143,1.4%,5.92
https://www.mariwork.ir/shop/fleshtint-123/,2,133,1.5%,5.47
https://www.mariwork.ir/shop/whole-mediumes-set-30ml/,2,106,1.89%,4.79
https://www.mariwork.ir/shop/teal-mariwork-fabric-color-code139/,2,99,2.02%,6.79
https://www.mariwork.ir/academy/mariwork-one-minute-guides/lessons/light-shadow-painting/,2,95,2.11%,6
https://www.mariwork.ir/shop/mariwork-silver-corona-powder-code202/,2,86,2.33%,6.06
https://www.mariwork.ir/academy/mariwork-one-minute-guides/lessons/combining-painting-and-embroidery-on-fabric/,2,80,2.5%,6.06
https://www.mariwork.ir/academy/mariwork-one-minute-guides/lessons/what-fabrics-need-a-base-coat/,2,49,4.08%,5.61
https://www.mariwork.ir/academy/mariwork-one-minute-guides/lessons/staining-restoration-of-clothing-color/,2,34,5.88%,5
https://www.mariwork.ir/category/history/,2,19,10.53%,12.74
https://www.mariwork.ir/academy/mariwork-one-minute-guides/lessons/durability-of-mariwork-fabric-colors-and-how-to-maintain-them/,2,8,25%,3.5
https://www.mariwork.ir/shop/light-salmon-mariwork-fabric-color-code135/,1,2955,0.03%,6.77
https://www.mariwork.ir/shop/mocha-mousse-mariwork-fabric-color-code138/,1,970,0.1%,6.01
https://www.mariwork.ir/shop/magenta-mariwork-fabric-color-code120/,1,685,0.15%,5.11
https://www.mariwork.ir/shop/lilac-mariwork-fabric-color-code128/,1,521,0.19%,6.56
https://www.mariwork.ir/artists/پرستو-عطرسايي/,1,233,0.43%,9.5
https://www.mariwork.ir/shop/green-mariwork-fabric-color-code106/,1,172,0.58%,5.55
https://www.mariwork.ir/academy/mariwork-one-minute-guides/lessons/mariwork-combinability-colors-cycle/,1,136,0.74%,7.35
https://www.mariwork.ir/shop/copper-119/,1,131,0.76%,3.26
https://www.mariwork.ir/articles/page/3/,1,115,0.87%,9.23
https://www.mariwork.ir/shop/red-scarlet-mariwork-fabric-color-code124/,1,110,0.91%,5.06
https://www.mariwork.ir/product/fabric-printing-medium/page/2/?per_page=9,1,108,0.93%,6.15
https://www.mariwork.ir/shop/cyan-mariwork-fabric-color-code132/,1,98,1.02%,3.42
https://www.mariwork.ir/academy/mariwork-one-minute-guides/lessons/combining-monotype-and-monoprint-printing-1/,1,89,1.12%,7.61
https://www.mariwork.ir/category/education/page/3/,1,74,1.35%,10.96
https://www.mariwork.ir/shop/violet-mariwork-fabric-color-code107/,1,71,1.41%,4.38
https://www.mariwork.ir/academy/mariwork-one-minute-guides/lessons/stencil-printing-method/,1,70,1.43%,11.76
https://www.mariwork.ir/academy/mariwork-one-minute-guides/lessons/printing-method-with-wooden-stamp-on-fabric/,1,62,1.61%,6.94
https://www.mariwork.ir/shop/eight-color-set-30ml/,1,34,2.94%,3.47
https://www.mariwork.ir/shop/yellow_fluorescent_100/,1,34,2.94%,4.74
https://www.mariwork.ir/mag/articles/characteristics-of-good-fabric-color-and-its-difference-with-bad-fabric-color01/,1,34,2.94%,5.65
https://www.mariwork.ir/shop/mariwork-thickening-medium-code214/,1,30,3.33%,9.93
https://www.mariwork.ir/academy/mariwork-one-minute-guides/lessons/painting-with-base-coat-on-dark-fabric/,1,29,3.45%,5.34
https://www.mariwork.ir/academy/mariwork-one-minute-guides/lessons/monoprint-printing-leaf-printing-on-fabric/,1,28,3.57%,4.46
https://www.mariwork.ir/صفحه-تعمیر/,1,25,4%,8.2
https://www.mariwork.ir/academy/mariwork-one-minute-guides/lessons/silk-screen-print/,1,23,4.35%,24.39
https://www.mariwork.ir/academy/mariwork-one-minute-guides/,1,13,7.69%,7.38
https://www.mariwork.ir/shop/mariwork-rainbow-glitter-code210/,1,12,8.33%,4.17
https://www.mariwork.ir/shop/24color-set-30ml/,1,10,10%,4.7
https://www.mariwork.ir/academy/mariwork-one-minute-guides/lessons/use-medium-base-coat-on-silk/,1,8,12.5%,5.88
https://www.mariwork.ir/academy/mariwork-one-minute-guides/lessons/stencil-printing-method-with-wreath/,1,7,14.29%,9.43
https://www.mariwork.ir/mag/articles/characteristics-of-good-fabric-color-and-its-difference-with-bad-fabric-color/,1,5,20%,5
https://www.mariwork.ir/academy/mariwork-one-minute-guides/lessons/batik-painting/,1,5,20%,7.8
https://www.mariwork.ir/shop/mariwork-golden-glitter-code212/,1,4,25%,2.75
https://www.mariwork.ir/volume/60ml/,1,2,50%,3
https://www.mariwork.ir/shop/lightgold-mariwork-fabric-color-code111/,0,171,0%,5.28
https://www.mariwork.ir/shop/mariwork-golden-shine-code206/,0,134,0%,5.54
https://www.mariwork.ir/shop/light-pink-mariwork-fabric-color-code126/,0,116,0%,5.74
https://www.mariwork.ir/shop/lemon-mariwork-fabric-color-code134/,0,111,0%,7.23
https://www.mariwork.ir/academy/mariwork-one-minute-guides/lessons/how-to-recognize-types-of-fabrics/,0,111,0%,7.89
https://www.mariwork.ir/shop/green-grass-mariwork-fabric-color-code133/,0,102,0%,7.03
https://www.mariwork.ir/tag/رنگ-پارچه/feed/,0,81,0%,9.21
https://www.mariwork.ir/shop/pearl-mariwork-fabric-color-code137/,0,75,0%,4.29
https://www.mariwork.ir/tag/چاپ-استنسیل/feed/,0,70,0%,7.74
https://www.mariwork.ir/shop/darkgold-115/,0,64,0%,4.08
https://www.mariwork.ir/articles/page/7/,0,60,0%,9.37
https://www.mariwork.ir/shop/lavender-mariwork-fabric-color-code130/,0,51,0%,5.88
https://www.mariwork.ir/articles/page/4/,0,48,0%,11.67
https://www.mariwork.ir/tag/مهر-لینو/feed/,0,44,0%,7.3
https://www.mariwork.ir/mag/articles/stencil-printing-history/,0,44,0%,8
https://www.mariwork.ir/mag/articles/pattern-on-fabric/,0,43,0%,6.51
https://www.mariwork.ir/shop/green_fluorescent_102/,0,41,0%,4.41
https://www.mariwork.ir/wishlist/,0,41,0%,7.41
https://www.mariwork.ir/shop/papaya-mariwork-fabric-color-code127/,0,39,0%,3.67
https://www.mariwork.ir/tag/بیس-کوت/feed/,0,37,0%,10.05
https://www.mariwork.ir/tag/مهر-چوبی/feed/,0,36,0%,7.75
https://www.mariwork.ir/academy/mariwork-one-minute-guides/lessons/how-to-print-a-stencil-on-a-cloth-bag-1/,0,28,0%,6.54
https://www.mariwork.ir/maintenance/,0,28,0%,8.5
https://www.mariwork.ir/shop/mariwork-semi-matte-varnish-code216/,0,25,0%,3.56
https://www.mariwork.ir/fast-buy/,0,24,0%,4.62
https://www.mariwork.ir/shop/permanet-rose-mariwork-fabric-color-code125/,0,24,0%,5.62
https://www.mariwork.ir/shop/mariwork-silver-shine-code207/,0,22,0%,3.95
https://www.mariwork.ir/mag/articles/history-of-painting-on-fabric/,0,22,0%,8.27
https://www.mariwork.ir/academy/mariwork-one-minute-guides/lessons/simultaneous-painting-on-silk-and-linen/,0,21,0%,5.57
https://www.mariwork.ir/shop/a30-color-and-additives-set-30ml/,0,20,0%,3.5
https://www.mariwork.ir/tag/ماری-ورک/feed/,0,20,0%,9.3
https://www.mariwork.ir/shop/?filter_volume=250ml&query_type_volume=or,0,19,0%,5.74
https://www.mariwork.ir/product/fabric-colors-60-ml/?per_page=9,0,19,0%,6.37
https://www.mariwork.ir/tag/مدیوم-پفکی/feed/,0,19,0%,11.26
https://www.mariwork.ir/shop/totakali-glue-mariwork-fabric-medium-code205-60ml/?add-to-cart=12597,0,18,0%,7.11
https://www.mariwork.ir/product/fabric-colors-250-ml/page/2/?per_row=4&per_page=9&shop_view=grid,0,15,0%,9.07
https://www.mariwork.ir/shop/fluorescent-purple-mariwork-fabric-color-code129/,0,14,0%,5.07
https://www.mariwork.ir/wp-content/uploads/2021/09/highlights-116-e1710006761530.jpg,0,14,0%,19.21
https://www.mariwork.ir/account-security/,0,13,0%,11.08
https://www.mariwork.ir/volume/30ml/page/2/,0,11,0%,7.27
https://www.mariwork.ir/category/articles/page/2/,0,11,0%,17.09
https://www.mariwork.ir/shop/12colorset/,0,10,0%,4.6
https://www.mariwork.ir/academy/mariwork-one-minute-guides/lessons/test-the-stability-of-mariwork-colors-with-bleach/,0,10,0%,7.3
https://www.mariwork.ir/wp-content/uploads/2024/12/138-Moka-without-logo-800_800.jpg,0,10,0%,16.6
https://www.mariwork.ir/shop/40color-set-30ml/,0,9,0%,4.78
https://www.mariwork.ir/academy/mariwork-one-minute-guides/lessons/print-on-towels/,0,8,0%,4.12
https://www.mariwork.ir/about-us/,0,7,0%,4.71
https://www.mariwork.ir/academy/mariwork-one-minute-guides/lessons/salt-technique-on-fabric/,0,7,0%,5.71
https://www.mariwork.ir/shop/mariwork-silver-glitter-code211/,0,7,0%,5.86
https://www.mariwork.ir/articles-2/,0,7,0%,10.29
https://www.mariwork.ir/shop/glitter-set-mariwork-fabric-medium-30ml/,0,6,0%,5
https://www.mariwork.ir/tag/تثبیت/feed/,0,6,0%,7
https://www.mariwork.ir/تست-افزونه-وفاداری/,0,6,0%,12
https://www.mariwork.ir/academy/mariwork-one-minute-guides/lessons/simple-printing-printing-with-sponge-stamp/,0,5,0%,7.4
https://www.mariwork.ir/tag/تی-شرت/feed/,0,5,0%,8.4
https://www.mariwork.ir/volume/30ml/page/3/,0,5,0%,14
https://www.mariwork.ir/shop/mariwork-golden-corona-powder-code201/,0,4,0%,5.25
https://www.mariwork.ir/tag/چاپ-ساده/feed/,0,4,0%,5.75
https://www.mariwork.ir/mag/articles/tips-on-pigment-fabric-color/,0,4,0%,8.75
https://www.mariwork.ir/yith_faq_cat/colors-feature/,0,4,0%,34.5
https://www.mariwork.ir/wp-content/uploads/2021/11/highlights-103.jpg,0,3,0%,2.33
https://www.mariwork.ir/mag/articles/fabric-preparation/,0,3,0%,4.67
https://www.mariwork.ir/shop/gray_122_60ml/?add-to-cart=27025,0,3,0%,6.33
https://www.mariwork.ir/mag/articles/,0,3,0%,7.67
https://www.mariwork.ir/wp-content/uploads/2021/10/mohr-bozorg05.jpg,0,3,0%,15.33
https://www.mariwork.ir/wp-content/uploads/2021/11/highlights-101.jpg,0,3,0%,23.33
https://www.mariwork.ir/wp-content/uploads/2021/12/IMG_20211212_181507_698.jpg,0,3,0%,24.67
https://www.mariwork.ir/tag/چاپ-شابلونی/feed/,0,3,0%,30.67
https://www.mariwork.ir/wp-content/uploads/2024/05/128new-mari-no-logo-800_800.jpg,0,2,0%,2.5
https://www.mariwork.ir/academy/,0,2,0%,3.5
https://www.mariwork.ir/shop/pink_fluorescent_103_60ml/?add-to-cart=12520,0,2,0%,5
https://www.mariwork.ir/mag/,0,2,0%,6.5
https://www.mariwork.ir/academy/mariwork-one-minute-guides/lessons/combining-mariwork-fabric-colors-with-other-brands/,0,2,0%,7
https://www.mariwork.ir/shop/green_fluorescent_102_60ml/?add-to-cart=14446,0,2,0%,7.5
https://www.mariwork.ir/category/education/feed/,0,2,0%,9
https://www.mariwork.ir/tag/مهر-اسفنجی/feed/,0,2,0%,9.5
https://www.mariwork.ir/wp-content/uploads/2021/10/jean-03.jpg.webp,0,2,0%,13
https://www.mariwork.ir/yith_faq_cat/ability-of-colors-and-techniques/,0,2,0%,99
https://www.mariwork.ir/wp-content/uploads/2021/09/IMG_109-e1710007130472.jpg,0,1,0%,2
https://www.mariwork.ir/wp-content/uploads/2024/05/130new-mari-no-logo-800_800-600x600.jpg.webp,0,1,0%,2
https://www.mariwork.ir/shop/teal-mariwork-fabric-color-code139-60ml/),0,1,0%,3
https://www.mariwork.ir/wp-content/uploads/2021/10/mohr-bozorg06.jpg,0,1,0%,3
https://www.mariwork.ir/shop/six-color-set-60ml/،,0,1,0%,4
https://www.mariwork.ir/volume/250ml/,0,1,0%,4
https://www.mariwork.ir/mag/articles/the-difference-between-artistic-fabric-colors-and-industrial-fabric-colors/,0,1,0%,5
https://www.mariwork.ir/wp-content/uploads/2021/10/pofaki-03.jpg,0,1,0%,8
https://www.mariwork.ir/tag/رنگ-لباس/feed/,0,1,0%,10
https://www.mariwork.ir/shop/heatpen_301/?add-to-cart=12009,0,1,0%,11
https://www.mariwork.ir/wp-content/uploads/2024/05/131new-mari-no-logo-800_800.jpg,0,1,0%,12
https://www.mariwork.ir/wp-content/uploads/2021/09/highlights-105-e1710007358424.jpg,0,1,0%,16
https://www.mariwork.ir/wp-content/uploads/2024/06/136-silver-new-mari-no-logo.jpg.webp,0,1,0%,16
https://www.mariwork.ir/wp-content/uploads/2021/09/highlights-117-e1710006692279.jpg,0,1,0%,19
https://www.mariwork.ir/wp-content/uploads/2021/10/tshirt-cover.jpg.webp,0,1,0%,19
https://www.mariwork.ir/wp-content/uploads/2024/07/137-Pearl-new-mari-no-logo-800_800.jpg,0,1,0%,19
https://www.mariwork.ir/academy/mariwork-one-minute-guides/lessons/combining-monotype-and-monoprint-printing-3/,0,1,0%,20
https://www.mariwork.ir/wp-content/uploads/2021/11/IMG_103-e1709127875205.jpg,0,1,0%,27
https://www.mariwork.ir/wp-content/uploads/2021/12/IMG_20211212_181453_187.jpg,0,1,0%,27
https://www.mariwork.ir/tag/کتان/feed/,0,1,0%,32
https://www.mariwork.ir/wp-content/uploads/2021/10/B-Monotype-05.jpg.webp,0,1,0%,40
https://www.mariwork.ir/wp-content/uploads/2021/10/kafsh-05.jpg,0,1,0%,47
https://www.mariwork.ir/tag/باندانا/feed/,0,1,0%,49
https://www.mariwork.ir/tag/نقاشی-باتیک/feed/,0,1,0%,49
https://www.mariwork.ir/woodmart_slider/retail-2-slider/,0,1,0%,69