Top queries,Clicks,Impressions,CTR,Position
ماری ورک,2312,3351,68.99%,1.12
رنگ پارچه ماری ورک,1901,4088,46.5%,1.22
رنگ پارچه,1051,53385,1.97%,4.65
ماری ورک رنگ پارچه,726,961,75.55%,1.01
رنگ ماری ورک,668,1335,50.04%,1.16
mariwork,617,947,65.15%,1.51
سایت ماری ورک,512,611,83.8%,1
رنگ پارچه سفید,309,944,32.73%,1.31
طرز استفاده از رنگ پارچه ماری ورک,274,889,30.82%,1.59
رنگ پارچه مشکی,249,2305,10.8%,3.28
قیمت رنگ پارچه ماری ورک,240,631,38.03%,1.54
رنگ لباس سفید,226,1255,18.01%,1.87
رنگ لباس خارجی,214,2657,8.05%,1.04
رنگ مخصوص نقاشی روی پارچه,201,4687,4.29%,3.14
چاپ لینو روی پارچه,197,1550,12.71%,1.91
نازل رنگ پارچه,183,458,39.96%,1.01
چاپ استنسیل,177,11626,1.52%,4.51
صورتی,169,204316,0.08%,2.36
اسپری تثبیت کننده رنگ روی پارچه,168,824,20.39%,2.07
فرق مونوتایپ و مونوپرینت,164,652,25.15%,1.08
خرید رنگ پارچه,162,5114,3.17%,9.52
رنگ ماری ورک ۳۰ میل,151,370,40.81%,1.22
چاپ مونوتایپ,150,2663,5.63%,2.2
تثبیت کننده رنگ پارچه,147,515,28.54%,1.55
رنگ پارچه قرمز,138,647,21.33%,1.61
رنگ لباس صورتی,137,945,14.5%,1.92
خودکار حرارتی,125,7142,1.75%,5.8
نقاشی باتیک,123,1103,11.15%,1.03
طرز استفاده از رنگ پارچه,121,4978,2.43%,5.58
رنگ مخصوص پارچه قابل شستشو,115,10455,1.1%,5.23
شش رنگ اصلی,110,18467,0.6%,1.69
قیمت رنگ پارچه,101,7152,1.41%,4.73
رنگ پارچه از کجا بخرم,96,9444,1.02%,5.44
رنگ اکر,92,20873,0.44%,1.07
دوتن,92,918,10.02%,1.13
mariwork ir,92,103,89.32%,1
مونوتایپ,90,2128,4.23%,2.32
رنگ لباس قرمز,89,677,13.15%,2.39
نازل رنگ,89,456,19.52%,1.04
12 رنگ اصلی,81,10462,0.77%,7.85
رنگ اکریلیک روی پارچه,81,607,13.34%,2.34
چاپ استنسیل هشتم,78,1794,4.35%,4.16
رنگ لباس آبی آسمانی,78,905,8.62%,2.44
رنگ صورتی,76,69712,0.11%,2.07
رنگ اکریلیک برای پارچه,76,1549,4.91%,4.34
چاپ باندانا,74,1295,5.71%,1.58
بهترین رنگ برای نقاشی روی پارچه,70,1677,4.17%,3.03
رنگ لباس سبز زیتونی,69,1226,5.63%,2.73
رنگ سرخ آبی,68,19648,0.35%,4.57
رنگ نقاشی روی پارچه,68,2595,2.62%,4.64
رنگ لباس قهوه ای شکلاتی,68,1367,4.97%,2.03
مدیوم پفکی,67,403,16.63%,1.55
چسب اکلیل پارچه,65,634,10.25%,3.42
رنگ لباس قهوه ای,61,1330,4.59%,5.18
مواد پفکی روی پارچه,61,419,14.56%,1.62
رنگ گلبهی,58,43033,0.13%,5.89
رنگ مخصوص پارچه,58,6010,0.97%,7.51
چاپ مونوتایپ چیست,57,441,12.93%,2.24
تثبیت کننده رنگ اکریلیک روی پارچه,55,2391,2.3%,4.11
رنگ پارچه طوسی,55,797,6.9%,2.5
رنگ مخصوص لباس,54,997,5.42%,2.36
رنگ سفید لباس,54,284,19.01%,2.08
ورق توتکالی,53,1233,4.3%,6.16
رنگ لباس قهوه ای تیره,53,854,6.21%,3.17
چاپ مونوپرینت,51,3859,1.32%,3.24
رنگ پارچه قهوه ای,51,676,7.54%,1.93
رنگ سفید پارچه,47,134,35.07%,1.22
رنگ اکریلیک پارچه,45,1572,2.86%,3.67
مونوپرینت,44,2232,1.97%,2.89
خودکار حرارتی چیست,42,3143,1.34%,6.55
نقاشی روی کفش,42,2695,1.56%,3.18
رنگ ماری ورک پارچه,42,84,50%,1.14
آموزش چاپ لینو,41,866,4.73%,4.32
رنگ پفکی پارچه,41,380,10.79%,1.41
رنگ روی پارچه,39,2131,1.83%,3.67
رنگ كردن نخ مکرومه,39,381,10.24%,1.78
رنگ موکا پارچه,38,10721,0.35%,3.53
نقش و نگار روی پارچه در جدول,37,3064,1.21%,5.4
چاپ استنسیل روی پارچه,37,703,5.26%,2.76
پودر رنگ لباس سبز زیتونی,37,439,8.43%,1.83
طرح برای چاپ استنسیل,36,1903,1.89%,6.73
بهترین چسب برای چسباندن اکلیل روی پارچه,36,1755,2.05%,4.75
مدیوم پارچه,36,1472,2.45%,4.73
رنگ باتیک,36,629,5.72%,3.35
رنگ لباس نارنجی,36,320,11.25%,2.08
چاپ لینو,35,4784,0.73%,7.62
رنگ پارچه صورتی,35,606,5.78%,1.92
رنگ سفید برای لباس,35,161,21.74%,1.54
رنگ پارچه سبز,34,859,3.96%,2.24
رنگ پارچه آبی آسمانی,34,505,6.73%,1.67
یاسی,33,51100,0.06%,7.67
رنگ آبی آسمانی روشن,33,5514,0.6%,6.18
پودر رنگ لباس قهوه ای,33,1140,2.89%,5.77
رنگ مشکی پارچه,33,339,9.73%,3.41
رنگ پارچه موکا,32,4235,0.76%,2.53
رنگ برای نقاشی روی پارچه,32,1055,3.03%,4.06
رنگ پارچه طلایی,32,501,6.39%,2.24
نقاشی باتیک روی پارچه,32,305,10.49%,2.57
رنگ سرخ ابی,31,17046,0.18%,4.99
رنگ پارچه قهوه ای شکلاتی,31,804,3.86%,1.73
رنگ پارچه کیلویی,31,700,4.43%,6.51
رنگ مخصوص نقاشی روی کفش,31,399,7.77%,2.5
رنگ پفکی,30,936,3.21%,1.22
رنگ موکا لباس,29,23433,0.12%,7.85
چسب اکلیل,29,928,3.12%,4.8
رنگ پارچه ماری ورک دیجی کالا,29,682,4.25%,6.32
پارچه مناسب برای نقاشی روی پارچه,29,245,11.84%,3.06
رنگ یاسی,28,69147,0.04%,8.99
پارچه مخصوص پارچه نویسی,28,349,8.02%,5.23
رنگ اکریلیک برای نقاشی روی پارچه,28,279,10.04%,3.48
رنگ موکا,27,19734,0.14%,8.04
رنگ لباس موکا,27,6290,0.43%,5.29
مونوتایپ چیست,27,475,5.68%,2.31
رنگ لباس,26,3848,0.68%,4.35
چاپ لینولئوم,26,2438,1.07%,7.25
نقاشی روی تیشرت,26,1954,1.33%,4.92
طرز استفاده از خودکار حرارتی,26,1771,1.47%,6.68
رنگ مخصوص کفش پارچه ای,26,879,2.96%,1.65
مونو تایپ,25,817,3.06%,2.7
پودر رنگ لباس آبی یخی,25,662,3.78%,4.32
رنگ پفکی روی پارچه,25,117,21.37%,1.06
رنگ لباس طوسی,24,998,2.4%,6.83
خرید رنگ پارچه ماری ورک,24,31,77.42%,1
خودکار جادویی حرارتی,23,2619,0.88%,4.22
چاپ مونوپرینت روی شیشه,23,1001,2.3%,6.48
رنگ پارچه mariwork,23,49,46.94%,1.08
رنگ سبز زیتونی,22,9892,0.22%,6.9
نارنجی پاپایا,22,5013,0.44%,3.4
صورتی فلورسنت,22,4427,0.5%,2.63
انواع رنگ پارچه,22,3285,0.67%,8.11
طرح خام برای چاپ لینو,22,965,2.28%,8.95
پودر رنگ لباس سفید,22,600,3.67%,5.44
مهر روی پارچه,22,366,6.01%,5.46
رنگ,21,21364,0.1%,9.25
نارنجی,21,19305,0.11%,6.35
رنگ لباس آبی یخی,21,1004,2.09%,4.41
نقش روی پارچه در جدول,21,458,4.59%,6.29
انواع رنگ سبز پارچه,20,3555,0.56%,6.24
نقاشی روی پارچه با اکریلیک,20,1021,1.96%,6.82
رنگ نارنجی پاپایا,20,842,2.38%,1.27
رنگ پارچه طوسی تیره,20,620,3.23%,3.07
چاپ مونو تایپ,20,433,4.62%,2.16
رنگ پارچه خاکستری,20,360,5.56%,1.84
پودر رنگ لباس صورتی,20,283,7.07%,4.5
رنگ مخصوص پارچه مشکی,20,85,23.53%,2.14
نقاشی روی پارچه,19,6904,0.28%,2.89
رنگ لباس ابی,19,559,3.4%,4.23
فیکساتور رنگ پارچه,19,55,34.55%,1.33
رنگ گلبهی تیره,18,8545,0.21%,4.44
رنگ موکا برای لباس,18,4929,0.37%,6.72
وسایل مورد نیاز برای نقاشی روی پارچه,18,1110,1.62%,8.86
رنگ پارچه قهوه ای روشن,18,860,2.09%,3.62
رنگ لباس آبی,18,753,2.39%,4.96
دو تن,18,704,2.56%,2.08
پودر رنگ لباس طوسی,18,435,4.14%,3
تثبیت کننده رنگ لباس,18,388,4.64%,4.38
رنگ لباس قهوه ای سوخته,18,386,4.66%,4.2
چاپ لینولئوم روی پارچه,18,114,15.79%,1.58
انواع رنگ آبی پارچه,17,2575,0.66%,5.18
رنگ‌پارچه,17,856,1.99%,4.09
چاپ استنسیل روی کاغذ,17,608,2.8%,3.94
نقاشی روی نمد,17,569,2.99%,1
رنگ لباس خاکستری,17,501,3.39%,3.22
مواد پفکی,17,406,4.19%,3.7
رنگ كردن لباس با مواد طبیعی سبز,17,366,4.64%,8.83
برای چسباندن اکلیل روی گل روبانی چه باید کرد,17,338,5.03%,5.49
رنگ پارچه ابی,17,314,5.41%,1.49
رنگ پارچه آبی,17,290,5.86%,1.77
چگونه نخ را رنگ کنیم,17,211,8.06%,3.74
رنگ پارچه زرد,17,151,11.26%,1.76
چسب ورق توتکالی,17,103,16.5%,1.89
رنگ کله غازی,16,24852,0.06%,7.1
خودکار حرارتی خیاطی,16,1801,0.89%,7.23
قیمت چسب اکلیل پارچه,16,717,2.23%,3.39
رنگ چاپ پارچه,16,360,4.44%,2.97
رنگ پارچه نقره ای,16,311,5.14%,1.11
رنگ اکریلیک روی لباس,16,208,7.69%,2.37
رنگ لباس آبی روشن,16,206,7.77%,2.95
کاتالوگ رنگ پارچه ماری ورک,16,47,34.04%,1
رنگ خاکستری,15,27419,0.05%,8.93
رنگ فیروزه ای,15,11429,0.13%,7.29
رنگ لباس بنفش,15,523,2.87%,5.4
اکلیل با چه چسبی میچسبه,15,508,2.95%,4.88
رنگ اکریلیک مخصوص پارچه,15,415,3.61%,5.32
رنگ لباس ابی اسمانی,15,187,8.02%,2.17
قیمت رنگ ماری ورک,15,52,28.85%,2.08
خرید رنگ پارچه مشکی,15,52,28.85%,3.1
رنگ نقره ای,14,14471,0.1%,7.55
رنگ صورتی جیغ,14,7714,0.18%,1.08
رنگ ماری,14,2102,0.67%,1.9
رنگ لباس زیتونی,14,1262,1.11%,2.96
چاپ مونو پرینت,14,996,1.41%,3.34
چسب برای چسباندن اکلیل روی روبان,14,832,1.68%,4.23
مهر لینولئوم,14,562,2.49%,7.33
چاپ دستی روی پارچه با مهر,14,401,3.49%,5.26
نقاشی روی نمد ساده,14,288,4.86%,1.04
رنگ پارچه نارنجی,14,178,7.87%,1.87
رنگ قهوه ای تیره,13,6371,0.2%,7.54
رنگ اوکر,13,4124,0.32%,1.03
پارچه رنگ موکا,13,3084,0.42%,4.26
پارچه قهوه ای شکلاتی,13,2656,0.49%,4.16
طرح چاپ استنسیل,13,1423,0.91%,6.35
24 رنگ اصلی,13,1146,1.13%,7.82
رنگ پارچه شکلاتی,13,1120,1.16%,1.89
رنگ صورتی فلورسنت,13,909,1.43%,1.59
خرید رنگ لباس,13,712,1.83%,7.26
طرح برای چاپ مونوپرینت,13,559,2.33%,3.48
رنگ پارچه اکریلیک,13,338,3.85%,4.24
رنگ قهوه ای پارچه,13,323,4.02%,2.09
رنگ چاپ لینو,13,261,4.98%,4.55
آموزش چاپ استنسیل,13,216,6.02%,2.19
رنگ آبی آسمانی,12,17424,0.07%,7.19
رنگ پارچه موکا چه رنگیه,12,1889,0.64%,5.77
مریم شایسته,12,1452,0.83%,7.25
چاپ منو پرینت,12,1406,0.85%,5.27
طرح برای چاپ لینو,12,1211,0.99%,6.88
رنگ پارچه شکلاتی روشن,12,1132,1.06%,2.47
چاپ شیبوری,12,592,2.03%,5.91
رنگ پارچه طوسی روشن,12,437,2.75%,3.7
رنگ پارچه قهوه ای سوخته,12,373,3.22%,2.88
اسم انواع رنگ پارچه,12,368,3.26%,6.86
نحوه استفاده از رنگ پارچه سوداکو,12,342,3.51%,6.02
آموزش ساخت پارچه شیبوری,12,323,3.72%,4.08
مهر زدن روی پارچه,12,292,4.11%,2.95
رنگ پارچه کله غازی,12,244,4.92%,2.06
تکنیک نمک,12,187,6.42%,3.93
اکریلیک روی پارچه,12,140,8.57%,2.51
رنگ مناسب برای چاپ لینو,12,53,22.64%,1.34
مدیوم پفکی پارچه,12,30,40%,1.23
آبی آسمانی,11,11979,0.09%,6.7
رنگ قهوه ای شکلاتی,11,7041,0.16%,7.32
نقاشی پارچه,11,2969,0.37%,1.28
رنگ های پارچه,11,999,1.1%,3.56
رنگ پارچه شکلاتی تیره,11,811,1.36%,1.95
رنگ لباس زیتونی تیره,11,639,1.72%,2.84
رنگ پارچه بنفش,11,489,2.25%,2.42
چاپ مونوتایپ روی شیشه,11,368,2.99%,3.97
اسم رنگ پارچه,11,264,4.17%,4.92
مهر چاپ روی پارچه,11,262,4.2%,6.16
نقاشی روی کفش با رنگ اکریلیک,11,248,4.44%,1.85
برای نقاشی روی پارچه از چه رنگی استفاده میشود,11,209,5.26%,5.08
چاپ باندانا روی تیشرت,11,95,11.58%,2.92
رنگ گلبهی روشن,10,6848,0.15%,7.99
رنگ قرمز,10,6447,0.16%,4.42
رنگ سبز کله غازی,10,5486,0.18%,7.66
پارچه آبی آسمانی,10,2481,0.4%,5.58
رنگ کردن کفش,10,759,1.32%,6.2
قیمت رنگ مخصوص پارچه,10,613,1.63%,3.68
نقاشی روی پارچه با رنگ اکریلیک,10,572,1.75%,6.83
مدیوم پارچه چیست,10,464,2.16%,3.65
خودکار حرارتی از کجا بخریم,10,430,2.33%,7.78
رنگ خاکستری لباس,10,429,2.33%,4.26
چاپ مونوپرینت چیست,10,272,3.68%,4.58
چاپ منو تایپ,10,271,3.69%,2.28
رنگ مناسب نقاشی روی پارچه,10,204,4.9%,4.78
تکنیک باندانا,10,177,5.65%,1.42
چگونه گل روبانی را اکلیلی کنیم,10,154,6.49%,5.71
رنگ قرمز پارچه,10,80,12.5%,1.57
مدیوم رنگ پارچه,10,54,18.52%,2.04
گلبهی,9,20386,0.04%,5.96
سبز زیتونی,9,14975,0.06%,7.35
قهوه ای شکلاتی,9,7311,0.12%,6.05
چرخه رنگ,9,6411,0.14%,5.65
قرمز اسکارلت,9,1619,0.56%,3.96
رنگ لباس یاسی,9,1128,0.8%,3.02
لینولئوم,9,1068,0.84%,9.37
گرادینت صورتی,9,957,0.94%,1.24
رنگ لباس سبز,9,767,1.17%,6.98
طرح برای چاپ لینولئوم,9,608,1.48%,6.41
انواع رنگ پارچه لباس,9,516,1.74%,6.59
رنگ پارچه زرشکی,9,514,1.75%,4.54
خودکار حرارتی خیاطی چیست,9,364,2.47%,6.14
چسب اکلیلی پارچه,9,331,2.72%,3.22
رنگ لباس طوسی روشن,9,271,3.32%,6.46
رنگ پارچه سرخابی,9,268,3.36%,2.17
نقاشی پفکی روی پارچه,9,218,4.13%,3.25
چسباندن اکلیل روی گل روبانی,9,205,4.39%,6.42
ورق توتکالی روی پارچه,9,181,4.97%,3.2
دورگیر پارچه,9,150,6%,5.18
اسپری تثبیت کننده رنگ لباس,9,123,7.32%,3.43
وارنیش چرم,9,108,8.33%,7.02
رنگ پارچه برای نقاشی روی لباس,9,70,12.86%,3.13
رنگ آجری,8,11392,0.07%,6.8
رنگ نارنجی,8,11329,0.07%,4.21
رنگ سفید,8,7312,0.11%,7.81
رنگ گلبه ای,8,4238,0.19%,5.32
سبز زیتونی تیره,8,3311,0.24%,5.59
رنگ شکلاتی لباس,8,3078,0.26%,4.6
رنگ سبز کله غازی تیره,8,2268,0.35%,7.98
چند رنگ اصلی داریم,8,1910,0.42%,8.9
رنگ موکا لباس مجلسی,8,1631,0.49%,7.57
رنگ آکر,8,1492,0.54%,1.31
رنگ لباس مایع,8,1304,0.61%,1.8
رنگ اکر چه رنگی است,8,1279,0.63%,1.85
شاین نقره ای,8,1147,0.7%,3.82
رنگ لباس از کجا بخریم,8,1135,0.7%,5.33
مونو پرینت,8,1091,0.73%,4.75
۶ رنگ اصلی,8,1087,0.74%,1.79
چاپ استنسیل چیست,8,876,0.91%,7.13
رنگ اکر چیست,8,641,1.25%,6.11
جایگزین چسب ورق طلا,8,588,1.36%,7.65
لینو چاپ,8,582,1.37%,8.19
نقاشی روی کفش سفید,8,559,1.43%,6.73
طرح ساده برای چاپ استنسیل,8,534,1.5%,6.68
رنگ پارچه چیست,8,518,1.54%,4.49
بهترین رنگ پارچه,8,441,1.81%,3.39
مهر پارچه,8,432,1.85%,7.28
رنگ كردن كفش پارچه اي,8,430,1.86%,6.05
ساخت مهر برای چاپ روی پارچه,8,349,2.29%,7.3
رنگ طراحی روی پارچه,8,280,2.86%,3.97
چاپ روی حوله,8,219,3.65%,8.61
آموزش چاپ لینولئوم,8,198,4.04%,4.14
رنگ پارچه آبی کاربنی,8,197,4.06%,3.19
رنگ پارچه ایرانی,8,130,6.15%,2.9
وسایل نقاشی روی پارچه,8,129,6.2%,8.77
مدیوم پفکی چیست,8,125,6.4%,2.19
چاپ برگ روی پارچه,8,121,6.61%,1.9
رنگ پارچه خارجی,8,89,8.99%,1.07
تثبیت رنگ پارچه,8,80,10%,2.67
وارنیش نیمه مات,8,45,17.78%,3.27
استودیو دوتن,8,13,61.54%,1.46
رنگ سیاه,7,10675,0.07%,1.74
رنگ های اصلی,7,4363,0.16%,5.2
صورتی رنگ,7,3021,0.23%,1.36
پارچه سبز زیتونی,7,2910,0.24%,6.81
رنگ صورتی روشن,7,1474,0.47%,4.97
کد رنگ سبز کله غازی,7,1381,0.51%,6.1
طرح نقاشی روی پارچه با اکریلیک,7,1347,0.52%,8.04
رنگ پارچه زیتونی,7,806,0.87%,2.6
رنگ برای پارچه,7,782,0.9%,2.89
نقش ونگار روی پارچه در جدول,7,737,0.95%,5.35
خرید رنگ مخصوص پارچه مبل,7,475,1.47%,1.81
صورتی فلورسنت چه رنگیه,7,451,1.55%,1.75
طراحی روی کفش,7,407,1.72%,4.5
چاپ منوتایپ,7,301,2.33%,2.65
با چه رنگی روی پارچه نقاشی کنیم,7,283,2.47%,7.23
طرح چاپ مونوپرینت,7,206,3.4%,3.15
چاپ مونوپرینت رنگی,7,199,3.52%,3.12
استنسیل طرح خام برای چاپ لینو,7,150,4.67%,5.63
چاپ مونوپرینت با تکه چسبانی,7,115,6.09%,5.43
اسم رنگ مخصوص پارچه,7,104,6.73%,3.52
نوشتن روی نمد,7,103,6.8%,1.04
رنگ پودری مکرومه,7,89,7.87%,1.36
انواع رنگ سفید برای پارچه,7,80,8.75%,1.48
رنگ کردن لباس سبز,7,79,8.86%,6.01
پارچه مناسب نقاشی روی پارچه,7,70,10%,3.21
رنگ پارچه مشهد,7,56,12.5%,5.21
خرید رنگ لباس سفید,7,37,18.92%,1.3
چاپ مونوپرینت روی پارچه,7,27,25.93%,1
mariworks,7,10,70%,5.3
سرخ آبی,6,8765,0.07%,6.47
رنگ ابی اسمانی,6,4259,0.14%,6.12
رنگ موکایی لباس,6,3011,0.2%,8
رنگ گل بهی,6,2491,0.24%,5.91
صورتی روشن,6,2251,0.27%,4.56
رنگ شاین,6,2049,0.29%,6.35
رنگ سبز زیتونی روشن,6,1897,0.32%,6.81
پارچه آبی,6,1247,0.48%,3.96
مهر لینو,6,1170,0.51%,7.9
سارا بابایی,6,839,0.72%,6.63
رنگ پارچه یاسی,6,726,0.83%,2.04
رنگ اکریلیک روی پارچه پاک میشود,6,649,0.92%,8.9
نقاشی پفکی,6,644,0.93%,2.48
رنگ پاپایا,6,640,0.94%,2.15
شیبوری,6,608,0.99%,6.55
انواع رنگ قرمز پارچه,6,604,0.99%,5.97
۶رنگ اصلی,6,493,1.22%,1.17
رنگ لباس مشکی,6,479,1.25%,4.42
چاپ منوپرینت,6,459,1.31%,3.16
رنگ پارچه زیتونی تیره,6,447,1.34%,2.12
منوپرینت,6,417,1.44%,2.69
رنگ نمد,6,394,1.52%,5.49
نقاشی رو تیشرت,6,362,1.66%,6.22
رنگ لباس لیمویی,6,351,1.71%,4.56
طرح مونوپرینت,6,335,1.79%,4.87
رنگ پارچه قهوه ای موکا,6,313,1.92%,1.56
رنگ لباس نقره ای,6,309,1.94%,2.99
رنگ پارچه سبز زیتونی,6,299,2.01%,2.35
رنگ اکلیلی نقره ای,6,295,2.03%,7.59
طرح برای چاپ مونوتایپ,6,271,2.21%,3.82
گلیتر نقره ای,6,249,2.41%,3.51
نمونه چاپ استنسیل,6,247,2.43%,5.6
رنگ لباس زرد,6,242,2.48%,6.57
رنگ گلبهی از ترکیب چه رنگهایی است,6,200,3%,5.41
رنگ کردن نخ,6,154,3.9%,3.26
رنگ‌ پارچه,6,150,4%,4.16
آموزش رنگ كردن نخ مكرومه,6,149,4.03%,2.02
رنگ اکرولیک پارچه,6,137,4.38%,4.21
نقاشی روی پارچه در جدول,6,134,4.48%,6.82
نقاشی باتیک چیست,6,116,5.17%,3.78
چگونه اکلیل را روی گل بچسبانیم,6,111,5.41%,5.14
قیمت رنگ پارچه مشکی,6,70,8.57%,3.9
آیا رنگ اکریلیک برای پارچه مناسب است,6,38,15.79%,2.03
رنگ نقاشی روی پارچه چیست,6,26,23.08%,2.73
رنگ اجری,5,7302,0.07%,6.78
رنگ یاسی روشن,5,5522,0.09%,9.48
ابی اسمانی,5,5451,0.09%,6.18
رنگ آبی,5,2815,0.18%,7.49
رنگ ابی,5,2435,0.21%,6.05
پارچه سفید,5,2092,0.24%,8.24
پارچه سبز,5,1940,0.26%,6.47
رنگ زرد,5,1880,0.27%,9.64
رنگ لوندر,5,1824,0.27%,5.26
بهترین مارک رنگ پارچه,5,1757,0.28%,16.25
رنگ صورتی فسفری,5,1366,0.37%,1.02
باتیک,5,1231,0.41%,9.34
رنگ لباس شکلاتی روشن,5,1164,0.43%,4.37
رنگ های خاص پارچه,5,1153,0.43%,6.09
پارچه رنگ یاسی,5,1112,0.45%,5.13
طرح چاپ لینو,5,832,0.6%,7.28
تامپون رنگ,5,801,0.62%,3.08
پارچه نارنجی,5,801,0.62%,6.4
رنگ پارچه زیتونی روشن,5,760,0.66%,2.45
رنگ اُکر,5,736,0.68%,1.02
رنگ صدفی پارچه,5,558,0.9%,2.04
رنگ لباس قهوه ای موکا,5,528,0.95%,4.95
رنگ پارچه برای لباس,5,526,0.95%,5.84
رنگ پارچه قیمت,5,516,0.97%,3.94
رنگ قهوه ای شکلاتی لباس,5,505,0.99%,2.17
انواع رنگ فیروزه ای,5,486,1.03%,8.25
چاپ با برگ,5,464,1.08%,6.61
گلبهی چه رنگی است,5,431,1.16%,4.34
رنگ قهوه ای لباس,5,414,1.21%,5.8
پارچه نقاشی,5,376,1.33%,2.34
کد رنگ کله غازی,5,359,1.39%,5.91
رنگ پارچه سبز یشمی,5,321,1.56%,5.17
نقاشی با نمد,5,296,1.69%,6.71
رنگ طوسی پارچه,5,291,1.72%,3.43
عکس رنگ پارچه,5,287,1.74%,1
نقاشی روی کفش با خودکار,5,269,1.86%,4.6
تامپون چاپ,5,262,1.91%,2.4
نقاشی روی کفش مشکی,5,237,2.11%,3.54
نقاشی روی کتونی,5,232,2.16%,5.61
بهترین چسب برای چسباندن اکلیل روی روبان,5,222,2.25%,7.39
انواع پودر رنگ لباس,5,218,2.29%,7.69
نقاشی روی چرم,5,202,2.48%,9.1
نقاشی روی چرم مصنوعی,5,195,2.56%,7.27
مریم شایسته کیست,5,174,2.87%,5.14
چاپ استنسیل هنر هشتم,5,168,2.98%,5.27
رنگ مخصوص طراحی روی پارچه,5,164,3.05%,4.77
خودکار حرارتی پارچه,5,163,3.07%,5.79
رنگ روی پارچه چیست,5,157,3.18%,4.68
رنگ پودری پارچه,5,154,3.25%,6.58
رنگ پارچه قهوه ای تیره,5,150,3.33%,1.47
رنگ گلبهی با چه رنگی درست میشه,5,133,3.76%,5.26
چگونه اکلیل را روی گل روبانی بچسبانیم,5,120,4.17%,6.96
رنگ مخصوص چاپ روی پارچه,5,114,4.39%,2.67
چجوری روی گل روبانی اکلیل بزنیم,5,100,5%,7.05
مونوتایپ چاپ,5,83,6.02%,1.88
رنگ چاپ روی پارچه,5,64,7.81%,2.92
طرح خام مونوپرینت,5,64,7.81%,5.45
چاپ باندانا روی پارچه,5,55,9.09%,1.84
رنگ پارچه سیاه,5,44,11.36%,2.48
ماری وورک,5,5,100%,1
رنگ سرخ,4,3674,0.11%,6.11
گلبهی رنگ,4,3017,0.13%,5.57
لباس آبی,4,2688,0.15%,6.16
رنگ سایان,4,2487,0.16%,3.76
نقاشی تیشرت ساده,4,2414,0.17%,4.92
رنگ زیتونی لباس,4,2018,0.2%,4.04
رنگ شکلاتی پارچه,4,1960,0.2%,2.92
رنگ موکایی پارچه,4,1954,0.2%,3.68
رنگ کله غازی تیره,4,1890,0.21%,7.91
رنگ فیروزه ای پررنگ,4,1670,0.24%,8.86
رنگ لباس شکلاتی,4,1328,0.3%,2.96
رنگ موکایی,4,985,0.41%,7.98
پارچه بنفش,4,892,0.45%,5.71
پارچه نقره ای,4,818,0.49%,7.81
رنگ فلورسنت,4,692,0.58%,7.5
کد رنگ پوست,4,649,0.62%,6.42
رنگ لباس شکلاتی تیره,4,638,0.63%,2.85
رنگ پارچه موکایی,4,550,0.73%,1.88
رنگ پارچه یاسی روشن,4,524,0.76%,2.28
مونوپرینت چیست,4,498,0.8%,4.48
نقاشی روی پارچه مشکی,4,466,0.86%,8.2
نقاشی روی لباس با رنگ اکریلیک,4,437,0.92%,6.87
6 رنگ اصلی,4,428,0.93%,1.44
گرادینت نارنجی,4,420,0.95%,1.3
رنگ گلبهی چه رنگی است,4,418,0.96%,5.89
رنگ موکا چه رنگیه,4,417,0.96%,7.5
رنگ پارچه صدفی,4,400,1%,1.19
نقاشی گلدوزی,4,385,1.04%,6.35
تثبیت کننده رنگ,4,362,1.1%,5.52
رنگ برای طراحی روی لباس,4,314,1.27%,3.46
نقاشی روی تیشرت سفید,4,311,1.29%,7.4
رنگ های تیره پارچه,4,296,1.35%,4.44
طرح گل بنفشه برای نقاشی روی پارچه,4,296,1.35%,6.52
ایده نقاشی روی کفش,4,274,1.46%,5.66
رنگ اسکارلت چه رنگی است,4,273,1.47%,2.24
رنگ لباس آجری,4,266,1.5%,4.36
چاپ لینو چند رنگ,4,260,1.54%,6.75
نقش گل و گیاه روی پارچه در جدول,4,235,1.7%,6.86
خودکارحرارتی,4,209,1.91%,6.2
رنگ لباس طلایی,4,207,1.93%,2.56
نقاشی چاپ استنسیل,4,200,2%,3.56
رنگ پارچه زرشکی تیره,4,196,2.04%,5.77
رنگ اکرلیک پارچه,4,189,2.12%,3.79
رنگ پارچه لیمویی,4,176,2.27%,2.26
چاپ ترافارد چیست,4,172,2.33%,9.9
رنگ پارچه فیروزه ای,4,166,2.41%,2.23
رنگ نقاشی پارچه,4,164,2.44%,4.43
رنگ کردن لباس سفید,4,148,2.7%,8.73
گلیتر هفت رنگ,4,129,3.1%,3.02
رنگ قرمز لباس,4,122,3.28%,4.96
رنگ آبی لباس,4,113,3.54%,5.28
چگونه گل را اکلیلی کنیم,4,98,4.08%,6.14
اکلیل زدن به گل روبانی,4,98,4.08%,6.59
جوهر خودکار حرارتی,4,96,4.17%,5.32
خودکار حرارتی خیاطی سفید,4,88,4.55%,5.25
باسمه چوبی,4,88,4.55%,7.14
رنگ نقره ای پارچه,4,87,4.6%,1.74
رنگ طلایی پارچه,4,87,4.6%,1.77
مهر چوبی چاپ پارچه,4,85,4.71%,1.92
چاپ شابلون استنسیل,4,80,5%,4.79
بهترین پارچه برای نقاشی,4,72,5.56%,4.31
پودر رنگ لباس زرشکی,4,71,5.63%,7.06
رنگ آبی آسمانی لباس,4,65,6.15%,3.69
وسایل ساخت مهر لینو,4,63,6.35%,8.49
مدیوم رنگ پارچه چیست,4,56,7.14%,3.25
تثبیت کننده رنگ چرم,4,50,8%,7.2
چگونه به گل روبانی اکلیل بزنیم,4,43,9.3%,7.12
رنگ الیاف سفید,4,16,25%,2
رنگ سرخابی,3,6434,0.05%,9.07
سرخ,3,2959,0.1%,6.56
سرخابی رنگ,3,2635,0.11%,8.57
رنگ شکلاتی,3,2500,0.12%,6.47
آبی اسمانی,3,2202,0.14%,5.79
رنگ یاسی تیره,3,1775,0.17%,8.6
انواع رنگ گلبهی,3,1675,0.18%,7.96
پارچه قهوه ای,3,1498,0.2%,7.27
رنگ آبی آسمونی,3,1255,0.24%,6.06
لباس رنگ موکا,3,1239,0.24%,7.61
پارچه صورتی,3,1188,0.25%,3.61
پارچه موکا,3,1137,0.26%,7.03
کد رنگ مسی,3,1048,0.29%,1.45
لباس نارنجی,3,989,0.3%,7.44
پارچه رنگ شکلاتی,3,953,0.31%,5.04
انواع رنگ آجری,3,947,0.32%,7.66
زرد اکر,3,804,0.37%,1.15
اکر رنگ,3,784,0.38%,1.05
کد رنگ یاسی,3,755,0.4%,8.53
عکس خودکار حرارتی,3,741,0.4%,4.77
رنگ زیتونی پارچه,3,707,0.42%,2.53
پارچه زیتونی,3,652,0.46%,7.34
نقاشی برای گلدوزی,3,628,0.48%,7.15
رنگ پارچه موکا روشن,3,627,0.48%,2.49
منو پرینت,3,566,0.53%,5.94
مریم صادقی تلاش,3,562,0.53%,5.78
رنگ لباس گلبهی,3,533,0.56%,3.2
رنگ فیروزه ای مایل به آبی,3,491,0.61%,7.01
رنگ کله غازی روشن,3,486,0.62%,8.36
آبی سایان,3,482,0.62%,2.89
رنگ صدفی لباس,3,468,0.64%,2.59
عکس رنگ گلبهی روشن,3,447,0.67%,7.54
انواع رنگ بنفش برای لباس,3,445,0.67%,8.07
قیمت رنگ نقاشی روی پارچه,3,431,0.7%,4.15
رنگ مسی پارچه,3,430,0.7%,1.58
رنگ نقره ای اکلیلی,3,427,0.7%,7.83
چاپ لینو لئوم,3,390,0.77%,8.27
رنگ بنفش یاسی,3,390,0.77%,8.64
منو تایپ,3,386,0.78%,4.74
اکر چه رنگی است,3,373,0.8%,1.86
رنگ لیمویی لباس,3,368,0.82%,5.32
چرخه رنگ با گواش,3,358,0.84%,1.09
رنگ نخ مکرومه,3,333,0.9%,5.68
پارچه رنگ صدفی,3,319,0.94%,2.21
رنگ پارچه گلبهی,3,305,0.98%,2.21
رنگ مناسب برای نقاشی روی پارچه,3,305,0.98%,5
رنگ پارچه قهوه ای شکلاتی روشن,3,300,1%,1.24
طرح باتیک,3,300,1%,5.07
رنگ پارچه مسی,3,288,1.04%,1.19
رنگ نارنجی فلورسنت,3,284,1.06%,5.88
نقاشی روی جین,3,282,1.06%,2.51
رنگ زیتونی تیره پارچه,3,274,1.09%,2.43
رنگ سبز فلورسنت,3,273,1.1%,4.01
طرح نقاشی روی کفش,3,266,1.13%,4.97
رنگ كردن كتوني پارچه اي,3,249,1.2%,4.62
اکلیل برای گل روبانی,3,232,1.29%,8.16
رنگ کردن کتونی,3,228,1.32%,8.89
رنگ مناسب پارچه,3,225,1.33%,4.45
ترکیب رنگ پارچه ها,3,217,1.38%,8
پارچه اکریلیک چیست,3,217,1.38%,8.84
رنگ میل,3,213,1.41%,3.08
رنگ نقره ای لباس,3,205,1.46%,3.2
خودکار پارچه,3,204,1.47%,5.94
رنگ صورتی لباس,3,200,1.5%,5.87
رنگ لباس بنفش یاسی,3,191,1.57%,5.21
انواع رنگ های پارچه,3,180,1.67%,5.79
رنگ آبی سایان,3,168,1.79%,1.74
طرح برای چاپ منو پرینت,3,160,1.88%,5.19
شابلون چاپ ترافارد,3,158,1.9%,7.8
رنگ مکرومه,3,155,1.94%,4.32
اکلیل روی گل روبانی,3,152,1.97%,6.68
طرح مونوتایپ,3,151,1.99%,3.76
اموزش چاپ لینو,3,140,2.14%,3.97
چاپ طلایی روی پارچه,3,138,2.17%,9.49
چاپ تلفیقی,3,133,2.26%,4.05
رنگ رو پارچه,3,132,2.27%,3.46
چاپ ترافارد چند رنگ,3,130,2.31%,7.74
شناخت انواع پارچه,3,130,2.31%,7.81
خرید مهر برای چاپ روی پارچه,3,127,2.36%,9.72
پارچه پفکی,3,120,2.5%,8.59
چسب ورق,3,114,2.63%,3.21
خرید خودکار حرارتی,3,110,2.73%,7.34
رنگهای پارچه,3,107,2.8%,1.01
رنگ بیس کوت چیست,3,107,2.8%,8.27
رنگ گلبهی چه رنگیه,3,106,2.83%,5.46
نحوه استفاده از رنگ پارچه,3,106,2.83%,6.43
رنگ پارچه آجری,3,98,3.06%,1.93
اسپری چسب برای اکلیل,3,95,3.16%,7.57
پارچه برای نقاشی,3,91,3.3%,5.44
خودکار حرارتی روی پارچه,3,89,3.37%,2.73
ایده چاپ استنسیل,3,88,3.41%,4.52
رنگ قهوه ای تیره پارچه,3,83,3.61%,1.24
طرح خام برای چاپ لینولئوم,3,83,3.61%,7.76
سارا بابایی یوتیوبر,3,80,3.75%,5.34
نقاشی روی کفش چرم,3,79,3.8%,1.68
گلدوزی نقاشی,3,79,3.8%,5.03
تلفیق نقاشی و گلدوزی,3,73,4.11%,3.14
چگونه روی گل روبانی اکلیل بزنیم,3,69,4.35%,7.48
بهترین مارک رنگ لباس مشکی,3,66,4.55%,1.68
رنگ بر لباس سفید,3,65,4.62%,3.52
نقاشی روی کت جین,3,65,4.62%,6.31
چاپ لینو روی لباس,3,55,5.45%,2.4
اکریلیک نقاشی روی پارچه,3,55,5.45%,3.73
منو پرينت طرح برای چاپ مونوپرینت,3,54,5.56%,3.83
لوازم نقاشی روی پارچه,3,53,5.66%,8.94
رنگ برای روی پارچه,3,42,7.14%,2.43
آموزش چاپ مونوپرینت,3,40,7.5%,2.85
آموزش چاپ ترافارد,3,39,7.69%,8.77
چاپ روی نمد,3,37,8.11%,5.49
رنگ پارچه اکلیلی,3,31,9.68%,1.9
تکنیک چاپ باندانا,3,17,17.65%,1
رنگ فسفری صورتی,2,4448,0.04%,1.05
رنگ قهوه ای,2,4370,0.05%,8.18
اکر,2,3414,0.06%,6.29
نقره‌ای,2,3329,0.06%,7.14
رنگ ابی اسمونی,2,1891,0.11%,6.57
رنگ سبز کله غازی روشن,2,1674,0.12%,8.77
چاپ ترافارد,2,1467,0.14%,11.04
رنگ cyan,2,1386,0.14%,5.19
پارچه یاسی,2,1130,0.18%,6.62
رنگ آبی فیروزه ای,2,1117,0.18%,9.13
رنگ نقره,2,1056,0.19%,6.74
رنگ ابی روشن,2,987,0.2%,7.71
نارنجی فلورسنت,2,970,0.21%,5.11
رنگ پارچه نسکافه ای تیره,2,966,0.21%,6.85
رنگ آجری تیره,2,908,0.22%,7.6
آبی اسمونی,2,899,0.22%,6.31
رنگ طلایی روشن,2,858,0.23%,3.73
پارچه طلایی,2,855,0.23%,6.5
رنگ سبز زیتونی تیره,2,827,0.24%,6.48
پارچه رنگ آبی یخی,2,816,0.25%,6.39
موکا رنگ لباس,2,774,0.26%,4.89
پارچه شاین,2,771,0.26%,7.62
پارچه زرد,2,765,0.26%,4.32
رنگ نارنجی پررنگ,2,764,0.26%,7.55
مکمل رنگ نقره ای در لباس,2,708,0.28%,9.1
اکلیل چسبی,2,678,0.29%,6.05
رنگ ابی آسمانی,2,665,0.3%,6.86
رنگ لباس زیتونی روشن,2,608,0.33%,4.98
چگونه کفش پارچه ای را رنگ کنیم,2,607,0.33%,5.78
رنگ گلبهی برای لباس,2,605,0.33%,7.64
پارچه آبی فیروزه ای,2,600,0.33%,7.22
رنگ صورتي,2,598,0.33%,1.07
عکس رنگ فیروزه ای,2,571,0.35%,7.68
رنگ کله غازی چه رنگیه,2,568,0.35%,7.69
پارچه بنفش یاسی,2,551,0.36%,6.54
رنگ لباس یاسی کمرنگ,2,549,0.36%,5.92
گل بهی,2,515,0.39%,4.77
رنگ بدن,2,494,0.4%,5.09
انواع رنگ قهوه ای پارچه,2,470,0.43%,5.26
نقاشی رو کفش,2,448,0.45%,4.75
سرخ آبی رنگ,2,440,0.45%,4.78
لباس رنگ زیتونی,2,431,0.46%,6.52
صورتی ملایم,2,420,0.48%,6.93
رنگ مدیوم,2,418,0.48%,4.15
بیس کوت,2,410,0.49%,7.26
رنگ لباس یاسی تیره,2,408,0.49%,5.87
نقاشی لینو,2,403,0.5%,4.71
رنگ گلبه ای چه رنگی است,2,388,0.52%,4
پارچه مسی,2,380,0.53%,1.19
لباس سبز زیتونی,2,379,0.53%,5.95
مواد تثبیت کننده رنگ لباس,2,376,0.53%,4.21
رنگ صورتی پر رنگ,2,371,0.54%,1.01
باتیک پارچه,2,371,0.54%,9.19
رنگ قرمز اسکارلت,2,361,0.55%,3.37
رنگ دودی لباس,2,361,0.55%,5.4
رنگ پارچه شیری,2,336,0.6%,4.12
رنگ سبز پارچه,2,333,0.6%,2.65
پارچه رنگ مسی,2,331,0.6%,1.4
رنگ شاین دار,2,331,0.6%,5.09
چاپ باتیک چیست,2,327,0.61%,9.04
طرح روی پارچه,2,325,0.62%,1.27
مونوتایپ در گرافیک,2,325,0.62%,5.16
نقاشی گلدوزی روی پارچه,2,318,0.63%,7.74
طرح لینو,2,318,0.63%,8.57
خودکار حرارتی گلدوزی,2,317,0.63%,7.99
امیر هدایتی,2,311,0.64%,7.18
پارچه رنگ کله غازی,2,293,0.68%,3.62
رنگ کفش پارچه ای,2,289,0.69%,2.1
پارچه رنگ نقره آبی,2,284,0.7%,6.2
پارچه رنگ آجری,2,283,0.71%,3.4
شاین طلایی,2,278,0.72%,3.89
رنگ لباس کله غازی,2,264,0.76%,4.01
رنگ پارچه خاکی,2,263,0.76%,4.92
پارچه قهوه ای روشن,2,262,0.76%,8.63
رنگ سبز کله غازی سیر,2,250,0.8%,7.93
کد رنگی سبز کله غازی,2,247,0.81%,6.72
آموزش نقاشی روی پارچه با رنگ اکریلیک,2,240,0.83%,8.02
رنگ پارچه ای,2,228,0.88%,2.78
رنگ موکا چه رنگیه پارچه,2,225,0.89%,7.49
چرخه رنگ اصلی,2,220,0.91%,8.09
رنگ لوندر لباس,2,219,0.91%,4.54
رنگ کردن کفش پارچه ای,2,218,0.92%,3.77
پارچه سبز زیتونی تیره,2,210,0.95%,5.57
نقاشی برای گلدوزی روی پارچه,2,208,0.96%,8.14
نقاشی روی جیب شلوار جین,2,205,0.98%,2.5
کاربرد چسب اکلیلی,2,203,0.99%,7.78
برای تثبیت رنگ پارچه چه باید کرد,2,193,1.04%,6.91
پارچه رنگ ابی,2,185,1.08%,5.77
رنگ یاسی صورتی,2,178,1.12%,7.62
آموزش چاپ پفکی روی پارچه,2,177,1.13%,5.61
گلیتر طلایی,2,176,1.14%,4.34
چاپ دستی روی شیشه,2,174,1.15%,8.93
رنگ موکات,2,170,1.18%,7.68
رنگ قهوه ای شکلاتی پارچه,2,169,1.18%,1.78
مهر برای چاپ روی پارچه,2,164,1.22%,7.46
رنگ لباس سبز لجنی,2,161,1.24%,7.32
صورتی فلور,2,160,1.25%,4.38
لباس رنگ خاکستری,2,158,1.27%,5.69
رنگ خاکستری پارچه,2,155,1.29%,2.04
رنگ الیاف از کجا بخریم,2,153,1.31%,8.48
کد رنگ اجری,2,151,1.32%,7.4
هنر باتیک,2,143,1.4%,5.68
ترکیب رنگ پارچه,2,143,1.4%,8.65
طرح سایه روشن,2,140,1.43%,7.75
چاپ شابلونی,2,134,1.49%,19.92
طرح لینولئوم,2,133,1.5%,9.18
آموزش چاپ روی گونی,2,132,1.52%,8.66
سایه زدن پارچه,2,130,1.54%,8.13
نقاشی روی پارچه با چه رنگی انجام میشود,2,129,1.55%,9.13
چه رنگی برای نقاشی روی پارچه مناسب است,2,128,1.56%,4.59
حلال رنگ پارچه چیست,2,125,1.6%,6.7
ترمیم چاپ روی لباس,2,124,1.61%,8.35
چاپ برگ روی کاغذ,2,122,1.64%,6.63
چاپ ترافارد روی پارچه,2,116,1.72%,7.47
اموزش سایه زدن در نقاشی روی پارچه,2,114,1.75%,5.25
بیس کوت چیه,2,114,1.75%,8.35
قیمت رنگ روی پارچه,2,113,1.77%,4.82
پارچه ابریشمی دارای نقش و نگار در جدول,2,106,1.89%,9.97
خرید اکلیل لباس,2,105,1.9%,2.21
رنگ پارچه موکا موس,2,105,1.9%,5.21
ترمیم رنگ لباس,2,103,1.94%,5.54
رنگ پارچه بنفش یاسی,2,100,2%,2.48
پارچه لیمویی رنگ,2,99,2.02%,5.38
چاپ استنسیل ساده,2,97,2.06%,6.85
رنگ پارچه اجری,2,96,2.08%,1.95
چاپ باسمه,2,93,2.15%,8.88
خودکار حرارتی فانتزی,2,92,2.17%,8.35
رنگ پارچه پودری,2,88,2.27%,6.73
لباس رنگ موکایی,2,88,2.27%,8.69
شابلون ترافارد,2,85,2.35%,5.82
طرح خطی برای چاپ مونوپرینت,2,82,2.44%,3.32
آیا رنگ اکریلیک روی پارچه قابل شستشو است,2,79,2.53%,2.38
کار با لینولئوم,2,78,2.56%,3.06
نقاشی روی پارچه لی,2,78,2.56%,3.78
خودکار حرارتی برای گلدوزی,2,76,2.63%,6.96
برای نقاشی روی لباس از چه رنگی استفاده کنیم,2,76,2.63%,8.08
قلم پارچه نویسی,2,75,2.67%,7.39
برای نقاشی روی پارچه از چه رنگی استفاده کنیم,2,73,2.74%,9
خرید رنگ چاپ پارچه,2,72,2.78%,3.46
رنگ اکریلیک برای پارچه مناسب است؟,2,70,2.86%,3.6
رنگ ست,2,69,2.9%,7.28
نقاشی با رنگ فلورسنت,2,69,2.9%,7.91
تکنیک تای دای,2,68,2.94%,7.96
رنگ اکریلیک پارچه از کجا بخرم,2,67,2.99%,7.76
عکس سارا بابایی یوتیوبر,2,66,3.03%,4.64
خرید وسایل نقاشی روی پارچه,2,65,3.08%,8.29
برگرداندن رنگ لباس سبز,2,63,3.17%,4.65
نمونه چاپ لینو,2,63,3.17%,5.38
رنگ لباس طوسی تیره,2,63,3.17%,6.81
چاپ با لینولئوم,2,61,3.28%,4.66
رنگ پارچه صورتی پررنگ,2,59,3.39%,1.19
طرح خام برای مهر لینو,2,59,3.39%,7.97
رنگ مخصوص کفش کتانی,2,59,3.39%,10.95
چگونه رنگ پارچه خشک شده را رقیق کنیم,2,56,3.57%,7.21
رنگ پارچه سبز کله غازی,2,55,3.64%,2.2
لینو برای چاپ,2,53,3.77%,8.85
چگونه گل روبانی را شاین دار کنیم,2,51,3.92%,8.45
وسایل مورد نیاز نقاشی روی پارچه,2,49,4.08%,9.18
چاپ لینولئوم چیست,2,47,4.26%,8.49
اموزش چاپ استنسیل,2,46,4.35%,2
مایع تثبیت کننده رنگ لباس,2,46,4.35%,2.43
طرح مونو پرینت,2,46,4.35%,4.7
طراحی پارچه با سایه روشن,2,45,4.44%,4.13
طریقه استفاده از رنگ پارچه,2,45,4.44%,6.87
تکنیک باتیک,2,44,4.55%,4.61
رنگ لباس آبی تیره,2,44,4.55%,5.18
چاپ دستی مونوتایپ,2,43,4.65%,2.77
ورق طلا روی پارچه,2,43,4.65%,5.95
طرح چاپ مونوتایپ,2,39,5.13%,3.69
رنگ فلورسنت سفید,2,39,5.13%,5.69
رنگ پیگمنت پارچه,2,39,5.13%,6.1
رنگ لباس را از کجا تهیه کنیم,2,38,5.26%,8.58
ایده طرح نقاشی روی پارچه,2,36,5.56%,9.44
رنگ قهوه ای برای لباس,2,35,5.71%,6.31
اولین نمودار رنگ دایره شکل را چه کسی به وجود آورده است,2,31,6.45%,2.16
رنگ بر مخصوص لباس سفید,2,31,6.45%,4.16
رنگ آجری با چه رنگی درست میشه,2,29,6.9%,9.03
نقاشی با تیک,2,23,8.7%,1.87
رنگ پارچه از کجا بخرم مشهد,2,23,8.7%,4.22
آموزش نقاشی روی کفش با رنگ اکریلیک,2,22,9.09%,5.41
رنگ پارچه خاکستری روشن,2,20,10%,2.15
نقاشی روی پارچه ساتن,2,19,10.53%,6.47
زیر سازی نقاشی روی پارچه,2,17,11.76%,2.71
وسایل نقاشی روی پارچه دیجی کالا,2,13,15.38%,7.23
رنگ مشکی مخصوص پارچه,2,8,25%,2.38
رنگ پارچه ماری ورک قیمت,2,4,50%,2
مواد پفکی نقاشی روی پارچه,2,3,66.67%,1
mariwor,2,3,66.67%,7.33
سبز چمنی,1,3757,0.03%,5.22
سبز کله غازی,1,2943,0.03%,8.73
رنگ آبی روشن,1,2586,0.04%,7.91
خودکار,1,2557,0.04%,2.76
رنگ فیروزه‌ای,1,2009,0.05%,7.19
عکس رنگ یاسی,1,1646,0.06%,6.49
لباس ابی,1,1540,0.06%,7.31
رنگ اسکارلت,1,1534,0.07%,4.67
موکا رنگ,1,1495,0.07%,7.87
پارچه قرمز,1,1479,0.07%,7.63
رنگ آبی اسمانی,1,1446,0.07%,6.12
رنگ نقره‌ای,1,1405,0.07%,7.93
سبز زیتونی روشن,1,1395,0.07%,6.84
رنگ خاکستری تیره,1,1321,0.08%,7.57
کله غازی رنگ,1,1311,0.08%,7.52
عکس رنگ سرخابی,1,1229,0.08%,6.93
پارچه سیاه,1,1193,0.08%,1.71
رنگ سبز چمنی,1,1186,0.08%,6.13
رنگ آبی فیروزه ای روشن,1,1162,0.09%,8.86
رنگ سورتی,1,1120,0.09%,1.93
رنگ صورتی یاسی,1,965,0.1%,8.28
سبز فلورسنت,1,945,0.11%,4.04
رنگ‌صورتی,1,896,0.11%,1.92
رنگ قهوه‌ای تیره,1,844,0.12%,7.37
کد رنگ گلبهی,1,825,0.12%,6.86
پارچه ابی,1,816,0.12%,4.11
رنگ اجری لباس,1,815,0.12%,6.13
رنگ صورتی پررنگ,1,811,0.12%,1.03
پارچه صدفی,1,793,0.13%,6.31
رنگ صورتی ملایم,1,757,0.13%,7.58
رنگ آبی یاسی,1,712,0.14%,7.59
رنگ پارچه آبی اقیانوسی,1,700,0.14%,8.15
ابی آسمانی,1,698,0.14%,6.58
رنگ هفت رنگ,1,697,0.14%,7.55
پارچه قهوه ای تیره,1,657,0.15%,6.6
پارچه شکلاتی,1,649,0.15%,6.58
رنگ سیان,1,644,0.16%,3.73
رنگ صورتی گلبهی,1,643,0.16%,7.05
نقاشی روی,1,642,0.16%,1.76
پارچه کله غازی,1,625,0.16%,7.02
انواع رنگ نارنجی در لباس,1,621,0.16%,6.08
نقاشی کفش,1,621,0.16%,7.83
رنگ لاوندر,1,620,0.16%,6.78
گلبهی تیره,1,604,0.17%,4.26
فیروزه ای رنگ,1,603,0.17%,8.11
رنگ یاسی لباس,1,597,0.17%,4.37
رنگ لباس موکایی,1,593,0.17%,6.95
پارچه رنگ زیتونی,1,570,0.18%,4.69
پارچه خاکستری,1,570,0.18%,6.54
رنگ آجری روشن,1,551,0.18%,8.81
انواع رنگ سبز کله غازی,1,549,0.18%,8.97
رنگ نارنجی جیغ,1,527,0.19%,7.14
رنگ یاسی کمرنگ,1,519,0.19%,7.7
رنگ سبز فیروزه ای,1,508,0.2%,8.38
پارچه گلبهی,1,502,0.2%,5.88
کد رنگ فیروزه ای,1,496,0.2%,8.56
رنگ فیروزی,1,494,0.2%,7.24
انواع رنگ سبز زیتونی,1,493,0.2%,8.2
رنگ سرخآبی,1,484,0.21%,7.32
چاپ سیلک اسکرین,1,476,0.21%,65.27
رنگ بندی پارچه,1,472,0.21%,6.17
چاپ فلورسنت,1,470,0.21%,11.3
نقاشی کتونی,1,465,0.22%,7.28
رنگ نقرهای,1,457,0.22%,7.55
رنگ رو,1,444,0.23%,1.4
صورتب,1,443,0.23%,2.22
تامپون نقاشی,1,441,0.23%,6.32
پارچه نقش و نگارین در جدول,1,427,0.23%,8.62
رنگ روی,1,424,0.24%,1.53
پارچه رنگ بنفش,1,424,0.24%,4.81
مکمل رنگ کله غازی در لباس,1,422,0.24%,9.1
رنگ آبی اسمونی,1,417,0.24%,7.04
رنک صورتی,1,413,0.24%,1.91
رنگ فیروزه ای مایل به سبز,1,396,0.25%,8.24
رنگ آبی فیروزه ای تیره,1,388,0.26%,9.14
پارچه رنگ قهوه ای,1,378,0.26%,6.2
رنگ لباس فیروزه ای,1,375,0.27%,2.94
رنگ قهوه ای موکا برای لباس,1,371,0.27%,5.65
پارچه لیمویی,1,368,0.27%,6.66
قهوه ای شکلاتی گرم,1,366,0.27%,7.01
پارچه رنگ موکایی,1,365,0.27%,4.16
رنگ لباس زرشکی,1,362,0.28%,6.83
چاپ برگ,1,361,0.28%,5.81
رنگ لباس آبی کاربنی,1,349,0.29%,7.34
گلبهی روشن,1,343,0.29%,5.62
رنگ پارچه یاسی تیره,1,340,0.29%,3.33
رنگ اکرو,1,336,0.3%,5.85
نقره ای شاین,1,335,0.3%,3.93
رنگ برای لباس,1,332,0.3%,4.06
رنگ لباس قهوه ای روشن,1,330,0.3%,6.55
رنگ قهوه‌ای شکلاتی,1,325,0.31%,6.31
پارچه قهوه ای موکا,1,321,0.31%,6.36
طرح نقاشی روی تیشرت,1,317,0.32%,6.3
رنگ پارچه سبز پولداری,1,315,0.32%,2.58
مدیوم,1,315,0.32%,10.75
لباس رنگ آبی آسمانی,1,313,0.32%,4.99
رنگ سبز موکا,1,312,0.32%,7.65
رنگ فیروزه ای روشن,1,310,0.32%,10.04
پارچه آبی روشن,1,302,0.33%,6.78
رنگ کله گازی,1,302,0.33%,7.16
دایره رنگ,1,299,0.33%,10.42
پارچه سبز پولداری,1,294,0.34%,8.01
پارچه طلایی براق,1,293,0.34%,7.41
رنگ کلبه ای,1,291,0.34%,6.75
رنگ لیمویی سبز,1,289,0.35%,8.7
چاپ باتیک روی پارچه,1,288,0.35%,9.79
پارچه رنگ,1,287,0.35%,4.78
رنگ فلور,1,287,0.35%,6.69
رنگ قهوی تیره,1,281,0.36%,6.68
رنگ پارچه را از کجا تهیه کنیم,1,278,0.36%,7.1
رنگ پارچه لباس,1,276,0.36%,6.92
اُکر,1,272,0.37%,1.61
پیج مریم شایسته,1,271,0.37%,7.07
سرخآبی,1,263,0.38%,6.87
طرح روی کفش,1,257,0.39%,5.53
رنگ لباس دودی,1,256,0.39%,3.48
نقاشی استنسیل,1,256,0.39%,5.31
نقاشی رو پارچه,1,254,0.39%,8.79
رنگ زرد اکر,1,252,0.4%,1.44
پارچه رنگ سرخابی,1,247,0.4%,5
باتیک چیست,1,246,0.41%,7.69
رنگ لباس صدفی,1,242,0.41%,2.1
لباس محلی نارنجی,1,240,0.42%,7.25
رنگ قهوه ای روشن پارچه,1,239,0.42%,4.21
سبز فلور,1,237,0.42%,2.88
کار با کوت,1,235,0.43%,6.37
رنگ اکر روشن,1,234,0.43%,3.5
رنگ پارچه برای لباس مجلسی,1,234,0.43%,5.71
رنگ بنفش روشن,1,231,0.43%,8.42
رنگ مسی,1,230,0.43%,6.37
پارچه شیبوری,1,230,0.43%,7.33
پارچه ماری,1,229,0.44%,2.51
پارچه یاسی رنگ,1,224,0.45%,4.38
لباس رنگ بنفش,1,223,0.45%,7.82
پارچه صورتی کمرنگ,1,219,0.46%,6.71
رنگ قهوه ای شکلاتی تیره,1,219,0.46%,7.22
رنگ یاسی پررنگ,1,219,0.46%,7.77
رنگ پارچه سبز آبی,1,213,0.47%,4.48
کاتالوگ رنگ پارچه,1,213,0.47%,5
پارچه اکلیلی نقره ای,1,213,0.47%,5.7
گلبهی چه رنگیه,1,213,0.47%,6
رنگ دودی پارچه,1,211,0.47%,5.23
عکس رنگ موکا,1,210,0.48%,4.79
رنگ سایان واقعی,1,205,0.49%,5.52
لباس رنگ ابی,1,204,0.49%,6.84
چاپ پفکی,1,202,0.5%,37.78
اسپری تثبیت کننده اکلیل لباس,1,201,0.5%,8.44
عکس چرخه رنگ,1,200,0.5%,4.12
پارچه رنگ موکا موس,1,199,0.5%,6.52
زیرساز,1,198,0.51%,4.5
رنگ آبی آسمانی تیره,1,197,0.51%,7.84
رنگ سبز فیروزه ای روشن,1,197,0.51%,8.44
رنگ لباس سبز پولداری,1,193,0.52%,6.45
مکمل رنگ یاسی,1,193,0.52%,7.84
رنگ لیمویی تیره,1,193,0.52%,8.02
یلسی,1,192,0.52%,7.51
رنگ زیتونی سبز,1,190,0.53%,6.66
رنگ مشکی برای لباس,1,187,0.53%,3.82
رنگ فولوس,1,186,0.54%,8.18
رنگ تاریک,1,183,0.55%,1.79
صورای,1,183,0.55%,2.2
پارچه رنگ صورتی,1,183,0.55%,3.92
انواع پارچه پلاستیکی,1,183,0.55%,8.07
ترکیب رنگ های چرخه رنگ,1,182,0.55%,6.96
پارچه رنگ خاکستری,1,181,0.55%,4.35
منوتایپ,1,180,0.56%,3.73
رنگ پارچه کرم شکلاتی,1,178,0.56%,3.02
اکلیل لباس,1,178,0.56%,6.86
رنگ قهوه ای تیره لباس,1,177,0.56%,4.31
رنگ سبز لباس,1,177,0.56%,7.9
طرح چاپ لینولئوم,1,176,0.57%,7.3
مکمل رنگ آبی در چرخه رنگ,1,171,0.58%,8.35
نقاشی کفاشی,1,167,0.6%,5.56
ابی رنگ,1,166,0.6%,8.12
رنگ یاسی بنفش,1,165,0.61%,8.32
پارچه رنگ سبز لجنی,1,163,0.61%,7.21
پارچه رنگ نارنجی,1,162,0.62%,3.96
پارچه رنگ بدن,1,162,0.62%,4.25
پارچه موکایی,1,161,0.62%,6.43